img_num,label_name,longitude,latitude,acquisition date,FVC,ndvi_mean,ndvi_std,ndvi_median,gndvi_mean,evi_mean,lai_mean,table_key,category,Lettuce color,Leaf sample weight (mg),Sample disc weight (g),Anthocyanins OD-530 nm,Chlorophyll OD-657 nm,Chlorophyll interference,Anthocyanin,DATE,Illumination
240,R15,34.91627121,32.02521896,04/01/2026,0.171821594,0.8886702,0.03732523,0.9006326,0.8886702,1.0562772,3.7036107,table_70_1774187719104786388,RED_Shade_ids,RED,0.29,0.03,1.8254,0.9992,0.25,0.4548906259532526,05/02/2026,Shade
238,R15,34.91626358,32.02522278,04/01/2026,0.173934937,0.8935184,0.040335387,0.9045804,0.8935184,1.007713,3.527905,table_29_1774187719104773188,RED_Shade_ids,RED,0.29,0.03,1.8254,0.9992,0.25,0.4548906259532526,05/02/2026,Shade
234,R10,34.91629791,32.02521515,04/01/2026,0.199237823,0.8775916,0.04112467,0.88184774,0.8775916,1.0440674,3.6594357,table_52_1774187719104780788,RED_white_led_ids,RED,0.31,0.03,1.7297,1.118,0.28,0.37156424608741756,05/02/2026,White LED
235,R10,34.91625595,32.02522278,04/01/2026,0.204093933,0.86897236,0.03744733,0.8707795,0.86897236,1.155264,4.061745,table_10_1774187719104767888,RED_white_led_ids,RED,0.31,0.03,1.7297,1.118,0.28,0.37156424608741756,05/02/2026,White LED
240,R13,34.91627121,32.02521896,04/01/2026,0.171821594,0.889627,0.052482136,0.9046304,0.889627,1.0180466,3.5652924,table_72_1774187719104786888,RED_Shade_ids,RED,0.33,0.03,1.6396,0.9694,0.242,0.334327796094182,05/02/2026,Shade
238,R13,34.91626358,32.02522278,04/01/2026,0.173934937,0.8999719,0.042062197,0.9139263,0.8999719,0.91318536,3.1859045,table_35_1774187719104775388,RED_Shade_ids,RED,0.33,0.03,1.6396,0.9694,0.242,0.334327796094182,05/02/2026,Shade
162,R6,34.91620255,32.02521515,01/12/2025,0.076473236,0.8383302,0.0451447,0.85060775,0.8383302,0.97818923,3.421089,table_26_1774168017329676068,RED_white_led_ids,RED,0.19,0.03,1.305,0.1175,0.029,0.24373096862135057,05/12/2025,White LED
165,R6,34.91619492,32.02518845,01/12/2025,0.084526062,0.8427334,0.039405875,0.8492012,0.8427334,0.977598,3.4189496,table_34_1774168017329678868,RED_white_led_ids,RED,0.19,0.03,1.305,0.1175,0.029,0.24373096862135057,05/12/2025,White LED
161,R6,34.91622543,32.02519608,01/12/2025,0.08392334,0.84614,0.03510308,0.8525877,0.84614,0.9504532,3.3207397,table_18_1774168017329673768,RED_white_led_ids,RED,0.19,0.03,1.305,0.1175,0.029,0.24373096862135057,05/12/2025,White LED
160,R6,34.91624069,32.02518463,01/12/2025,0.08599472,0.8368417,0.04295208,0.84493047,0.8368417,0.9523118,3.3274639,table_2_1774168017329667968,RED_white_led_ids,RED,0.19,0.03,1.305,0.1175,0.029,0.24373096862135057,05/12/2025,White LED
163,R6,34.91619492,32.02517319,01/12/2025,0.080104828,0.83045554,0.042476125,0.8380396,0.83045554,0.9658063,3.376287,table_10_1774168017329670768,RED_white_led_ids,RED,0.19,0.03,1.305,0.1175,0.029,0.24373096862135057,05/12/2025,White LED
240,R14,34.91627121,32.02521896,04/01/2026,0.171821594,0.88147557,0.039331663,0.8940328,0.88147557,0.9917535,3.4701645,table_71_1774187719104786588,RED_Shade_ids,RED,0.3,0.03,1.3747,0.9608,0.24,0.12663353199024652,05/02/2026,Shade
238,R14,34.91626358,32.02522278,04/01/2026,0.173934937,0.89608103,0.044556122,0.91163975,0.89608103,0.9953109,3.483035,table_28_1774187719104772888,RED_Shade_ids,RED,0.3,0.03,1.3747,0.9608,0.24,0.12663353199024652,05/02/2026,Shade
234,R9,34.91629791,32.02521515,04/01/2026,0.199237823,0.87683797,0.039221443,0.8826372,0.87683797,1.0216358,3.5782783,table_51_1774187719104780588,RED_white_led_ids,RED,0.39,0.03,1.3738,0.9998,0.25,0.11689464115081889,05/02/2026,White LED
235,R9,34.91625595,32.02522278,04/01/2026,0.204093933,0.8663893,0.0429221,0.8740772,0.8663893,1.1283627,3.9644163,table_11_1774187719104768188,RED_white_led_ids,RED,0.39,0.03,1.3738,0.9998,0.25,0.11689464115081889,05/02/2026,White LED
229,C1,34.91627502,32.02522278,22/01/2026,0.06413269,0.848011,0.049177926,0.8560659,0.848011,1.0110335,3.5399194,table_55_1774186061812426936,RED_Control_ids,RED,0.31,0.03,1.2705,0.7285,0.182,0.08434206755097555,29/01/2026,Control-Sun
230,C1,34.91625977,32.02520752,22/01/2026,0.056735992,0.8540912,0.049855676,0.8619139,0.8540912,0.9291668,3.2437253,table_45_1774186061812416236,RED_Control_ids,RED,0.31,0.03,1.2705,0.7285,0.182,0.08434206755097555,29/01/2026,Control-Sun
234,R5,34.91629791,32.02521515,04/01/2026,0.199237823,0.8803702,0.0432353,0.8884472,0.8803702,1.0415077,3.650175,table_57_1774187719104782488,RED_white_blue_led_ids,RED,0.35,0.03,1.2819,0.8524,0.213,0.06672456749616555,05/02/2026,White+Blue LED
235,R5,34.91625595,32.02522278,04/01/2026,0.204093933,0.88561606,0.04182652,0.89506316,0.88561606,1.0656788,3.737626,table_17_1774187719104769788,RED_white_blue_led_ids,RED,0.35,0.03,1.2819,0.8524,0.213,0.06672456749616555,05/02/2026,White+Blue LED
234,R8,34.91629791,32.02521515,04/01/2026,0.199237823,0.87467605,0.037663314,0.878775,0.87467605,1.0353489,3.6278923,table_50_1774187719104780288,RED_white_led_ids,RED,0.75,0.03,1.318,1.0201,0.255,0.0610960400931406,05/02/2026,White LED
235,R8,34.91625595,32.02522278,04/01/2026,0.204093933,0.8773397,0.042314608,0.8797624,0.8773397,1.0979763,3.8544788,table_12_1774187719104768488,RED_white_led_ids,RED,0.75,0.03,1.318,1.0201,0.255,0.0610960400931406,05/02/2026,White LED
227,R8,34.91625214,32.02519989,22/01/2026,0.077987671,0.8226961,0.039890017,0.8314593,0.8226961,1.0016127,3.505835,table_67_1774186061812430236,RED_white_led_ids,RED,0.29,0.03,1.2612,0.8322,0.208,0.05164418281900371,29/01/2026,White LED
228,R8,34.91625214,32.02519989,22/01/2026,0.088142395,0.87854207,0.04608289,0.89193004,0.87854207,1.11147,3.9032989,table_2_1774186061812403336,RED_white_led_ids,RED,0.29,0.03,1.2612,0.8322,0.208,0.05164418281900371,29/01/2026,White LED
240,R11,34.91627121,32.02521896,04/01/2026,0.171821594,0.8940516,0.038752653,0.90657854,0.8940516,1.0179461,3.564929,table_74_1774187719104787288,RED_Shade_ids,RED,0.35,0.03,1.3303,1.1203,0.28,0.04879111654993083,05/02/2026,Shade
238,R11,34.91626358,32.02522278,04/01/2026,0.173934937,0.89327556,0.03783069,0.9046529,0.89327556,1.0021676,3.5078425,table_33_1774187719104774788,RED_Shade_ids,RED,0.35,0.03,1.3303,1.1203,0.28,0.04879111654993083,05/02/2026,Shade
229,C3,34.91627502,32.02522278,22/01/2026,0.06413269,0.8440131,0.05169407,0.8504997,0.8440131,1.0103422,3.5374181,table_57_1774186061812427436,RED_Control_ids,RED,0.33,0.03,1.2156,0.6871,0.172,0.043060447314394325,29/01/2026,Control-Sun
230,C3,34.91625977,32.02520752,22/01/2026,0.056735992,0.8463452,0.046840306,0.8510684,0.8463452,0.9336859,3.2600753,table_47_1774186061812422836,RED_Control_ids,RED,0.33,0.03,1.2156,0.6871,0.172,0.043060447314394325,29/01/2026,Control-Sun
227,R7,34.91625214,32.02519989,22/01/2026,0.077987671,0.8064529,0.048152052,0.8093207,0.8064529,1.0095671,3.534614,table_66_1774186061812429936,RED_white_led_ids,RED,0.31,0.03,1.2289,0.7585,0.19,0.03825967458053462,29/01/2026,White LED
228,R7,34.91625214,32.02519989,22/01/2026,0.088142395,0.8669832,0.050987694,0.87385654,0.8669832,1.0554073,3.7004638,table_1_1774186061812402836,RED_white_led_ids,RED,0.31,0.03,1.2289,0.7585,0.19,0.03825967458053462,29/01/2026,White LED
224,R4,34.91627121,32.02520752,22/01/2026,0.066959381,0.89298695,0.051981684,0.90988725,0.89298695,1.036468,3.6319416,table_38_1774186061812414236,RED_white_blue_led_ids,RED,0.17,0.03,1.141,0.4633,0.116,0.024693588199651523,29/01/2026,White+Blue LED
226,R4,34.91627121,32.0252037,22/01/2026,0.069988251,0.86237556,0.04389457,0.87162536,0.86237556,0.9090436,3.1709204,table_26_1774186061812410936,RED_white_blue_led_ids,RED,0.17,0.03,1.141,0.4633,0.116,0.024693588199651523,29/01/2026,White+Blue LED
244,C5,34.91630554,32.02526855,04/01/2026,0.122257233,0.87668455,0.038778655,0.88429743,0.87668455,1.0809959,3.7930431,table_44_1774187719104778388,RED_Control_ids,RED,0.48,0.03,1.1697,0.649,0.162,0.006976606784591368,05/02/2026,Control-Sun
242,C5,34.91627884,32.02523041,04/01/2026,0.121631622,0.86545056,0.038452387,0.87580967,0.86545056,1.0086154,3.531171,table_4_1774187719104765988,RED_Control_ids,RED,0.48,0.03,1.1697,0.649,0.162,0.006976606784591368,05/02/2026,Control-Sun
230,C5,34.91625977,32.02520752,22/01/2026,0.056735992,0.87001526,0.046097685,0.88361275,0.87001526,0.9883953,3.4580142,table_49_1774186061812423236,RED_Control_ids,RED,0.51,0.03,1.1935,0.7553,0.189,0.004988536535419471,29/01/2026,Control-Sun
229,C5,34.91627502,32.02522278,22/01/2026,0.06413269,0.868982,0.046622284,0.88219166,0.868982,0.96113276,3.3593783,table_59_1774186061812427836,RED_Control_ids,RED,0.51,0.03,1.1935,0.7553,0.189,0.004988536535419471,29/01/2026,Control-Sun
234,R1,34.91629791,32.02521515,04/01/2026,0.199237823,0.8789556,0.04155552,0.8834118,0.8789556,1.0639747,3.731461,table_61_1774187719104783588,RED_white_blue_led_ids,RED,0.41,0.03,1.172,0.676,0.169,0.0029965059882743564,05/02/2026,White+Blue LED
235,R1,34.91625595,32.02522278,04/01/2026,0.204093933,0.89261085,0.041023888,0.90212506,0.89261085,1.0411165,3.6487594,table_21_1774187719104770888,RED_white_blue_led_ids,RED,0.41,0.03,1.172,0.676,0.169,0.0029965059882743564,05/02/2026,White+Blue LED
229,C2,34.91627502,32.02522278,22/01/2026,0.06413269,0.8612721,0.049128238,0.87108517,0.8612721,0.99688774,3.4887397,table_56_1774186061812427136,RED_Control_ids,RED,0.28,0.03,1.1824,0.806,0.202,-0.019181800049301666,29/01/2026,Control-Sun
230,C2,34.91625977,32.02520752,22/01/2026,0.056735992,0.8611999,0.049134176,0.8689648,0.8611999,0.9930271,3.474772,table_46_1774186061812422536,RED_Control_ids,RED,0.28,0.03,1.1824,0.806,0.202,-0.019181800049301666,29/01/2026,Control-Sun
227,R6,34.91625214,32.02519989,22/01/2026,0.077987671,0.8128147,0.044248525,0.81504947,0.8128147,1.0302992,3.6096227,table_65_1774186061812429736,RED_white_led_ids,RED,0.26,0.03,1.1732,0.7997,0.2,-0.02737016904743093,29/01/2026,White LED
228,R6,34.91625214,32.02519989,22/01/2026,0.088142395,0.8597898,0.052441142,0.86264646,0.8597898,1.0484859,3.6754222,table_0_1774186061812400636,RED_white_led_ids,RED,0.26,0.03,1.1732,0.7997,0.2,-0.02737016904743093,29/01/2026,White LED
244,C2,34.91630554,32.02526855,04/01/2026,0.122257233,0.9008645,0.03879003,0.91119933,0.9008645,1.0957704,3.8464968,table_41_1774187719104777588,RED_Control_ids,RED,0.35,0.03,1.1237,0.7602,0.19,-0.06827777009005594,05/02/2026,Control-Sun
242,C2,34.91627884,32.02523041,04/01/2026,0.121631622,0.88832456,0.043603323,0.9014653,0.88832456,1.0106121,3.5383947,table_1_1774187719104764888,RED_Control_ids,RED,0.35,0.03,1.1237,0.7602,0.19,-0.06827777009005594,05/02/2026,Control-Sun
229,C4,34.91627502,32.02522278,22/01/2026,0.06413269,0.8746423,0.051557817,0.89220655,0.8746423,0.9658636,3.3764944,table_58_1774186061812427636,RED_Control_ids,RED,0.2,0.03,1.0981,0.7113,0.178,-0.08338052198311999,29/01/2026,Control-Sun
230,C4,34.91625977,32.02520752,22/01/2026,0.056735992,0.8696869,0.053847443,0.8857234,0.8696869,0.94395065,3.2972133,table_48_1774186061812423036,RED_Control_ids,RED,0.2,0.03,1.0981,0.7113,0.178,-0.08338052198311999,29/01/2026,Control-Sun
224,R3,34.91627121,32.02520752,22/01/2026,0.066959381,0.88068724,0.04764583,0.89779925,0.88068724,0.97683364,3.4161844,table_37_1774186061812413936,RED_white_blue_led_ids,RED,0.27,0.03,1.0894,0.7536,0.188,-0.10424891149650156,29/01/2026,White+Blue LED
226,R3,34.91627121,32.0252037,22/01/2026,0.069988251,0.85785383,0.052347466,0.8666967,0.85785383,0.99342203,3.4762008,table_25_1774186061812410736,RED_white_blue_led_ids,RED,0.27,0.03,1.0894,0.7536,0.188,-0.10424891149650156,29/01/2026,White+Blue LED
244,C3,34.91630554,32.02526855,04/01/2026,0.122257233,0.8919072,0.040172614,0.90386826,0.8919072,1.1223557,3.9426827,table_42_1774187719104777788,RED_Control_ids,RED,0.38,0.03,1.0479,0.602,0.151,-0.10869830209676051,05/02/2026,Control-Sun
242,C3,34.91627884,32.02523041,04/01/2026,0.121631622,0.8882397,0.03757166,0.8988816,0.8882397,0.9604126,3.3567734,table_2_1774187719104765388,RED_Control_ids,RED,0.38,0.03,1.0479,0.602,0.151,-0.10869830209676051,05/02/2026,Control-Sun
227,R9,34.91625214,32.02519989,22/01/2026,0.077987671,0.8235316,0.039944123,0.83471495,0.8235316,0.95244867,3.3279588,table_68_1774186061812430436,RED_white_led_ids,RED,0.28,0.03,1.0791,0.736,0.184,-0.11093044338947007,29/01/2026,White LED
228,R9,34.91625214,32.02519989,22/01/2026,0.088142395,0.87932986,0.055156387,0.89482516,0.87932986,1.119718,3.9331398,table_3_1774186061812403636,RED_white_led_ids,RED,0.28,0.03,1.0791,0.736,0.184,-0.11093044338947007,29/01/2026,White LED
227,R10,34.91625214,32.02519989,22/01/2026,0.077987671,0.84318995,0.042576168,0.8572399,0.84318995,1.0207732,3.575157,table_69_1774186061812430636,RED_white_led_ids,RED,0.26,0.03,1.0864,0.7774,0.194,-0.11428802532652285,29/01/2026,White LED
228,R10,34.91625214,32.02519989,22/01/2026,0.088142395,0.8885275,0.046658125,0.90741676,0.8885275,1.0634092,3.7294145,table_4_1774186061812403836,RED_white_led_ids,RED,0.26,0.03,1.0864,0.7774,0.194,-0.11428802532652285,29/01/2026,White LED
244,C1,34.91630554,32.02526855,04/01/2026,0.122257233,0.90530443,0.03829347,0.9171012,0.90530443,1.0491754,3.6779163,table_40_1774187719104776788,RED_Control_ids,RED,0.46,0.03,1.0863,0.8226,0.206,-0.12669651797282191,05/02/2026,Control-Sun
242,C1,34.91627884,32.02523041,04/01/2026,0.121631622,0.8907857,0.049238473,0.9056537,0.8907857,1.020209,3.5731163,table_0_1774187719104763187,RED_Control_ids,RED,0.46,0.03,1.0863,0.8226,0.206,-0.12669651797282191,05/02/2026,Control-Sun
227,R13,34.91625214,32.02519989,22/01/2026,0.077987671,0.81027484,0.03541869,0.8158574,0.81027484,1.0358365,3.629656,table_77_1774186061812433136,RED_Shade_ids,RED,0.21,0.03,0.9584,0.5563,0.139,-0.1381121540246676,29/01/2026,Shade
228,R13,34.91625214,32.02519989,22/01/2026,0.088142395,0.8384848,0.04153225,0.84622777,0.8384848,1.0732696,3.7650893,table_12_1774186061812406736,RED_Shade_ids,RED,0.21,0.03,0.9584,0.5563,0.139,-0.1381121540246676,29/01/2026,Shade
227,R14,34.91625214,32.02519989,22/01/2026,0.077987671,0.80973494,0.03904448,0.81166464,0.80973494,0.9812729,3.432246,table_78_1774186061812433436,RED_Shade_ids,RED,0.24,0.03,1.0099,0.5701,0.143,-0.14271514879972286,29/01/2026,Shade
228,R14,34.91625214,32.02519989,22/01/2026,0.088142395,0.85850483,0.04990149,0.86010534,0.85850483,1.1263716,3.9572124,table_13_1774186061812407036,RED_Shade_ids,RED,0.24,0.03,1.0099,0.5701,0.143,-0.14271514879972286,29/01/2026,Shade
227,R12,34.91625214,32.02519989,22/01/2026,0.077987671,0.8121705,0.039846253,0.8235704,0.8121705,0.92620635,3.233014,table_76_1774186061812432136,RED_Shade_ids,RED,0.23,0.03,0.6855,0.4801,0.12,-0.17673598518334357,29/01/2026,Shade
228,R12,34.91625214,32.02519989,22/01/2026,0.088142395,0.8719562,0.051397517,0.88830477,0.8719562,1.1102636,3.8989336,table_11_1774186061812406036,RED_Shade_ids,RED,0.23,0.03,0.6855,0.4801,0.12,-0.17673598518334357,29/01/2026,Shade
224,R5,34.91627121,32.02520752,22/01/2026,0.066959381,0.9027262,0.043712586,0.9172231,0.9027262,1.0080445,3.5291047,table_39_1774186061812414436,RED_white_blue_led_ids,RED,0.24,0.03,0.9879,0.6451,0.161,-0.18994937476933402,29/01/2026,White+Blue LED
226,R5,34.91627121,32.0252037,22/01/2026,0.069988251,0.8657691,0.047098015,0.8831705,0.8657691,0.9783779,3.421771,table_27_1774186061812411236,RED_white_blue_led_ids,RED,0.24,0.03,0.9879,0.6451,0.161,-0.18994937476933402,29/01/2026,White+Blue LED
234,R6,34.91629791,32.02521515,04/01/2026,0.199237823,0.8860125,0.037365843,0.88916826,0.8860125,1.0007708,3.502789,table_55_1774187719104782088,RED_white_led_ids,RED,0.41,0.03,1.0707,0.9849,0.246,-0.19358353548116877,05/02/2026,White LED
235,R6,34.91625595,32.02522278,04/01/2026,0.204093933,0.8719892,0.04345795,0.8782326,0.8719892,1.1589857,4.07521,table_14_1774187719104768988,RED_white_led_ids,RED,0.41,0.03,1.0707,0.9849,0.246,-0.19358353548116877,05/02/2026,White LED
244,C4,34.91630554,32.02526855,04/01/2026,0.122257233,0.892033,0.05624618,0.9132321,0.892033,1.0877982,3.817654,table_43_1774187719104778088,RED_Control_ids,RED,0.42,0.03,0.9242,0.6501,0.163,-0.27180741096039385,05/02/2026,Control-Sun
242,C4,34.91627884,32.02523041,04/01/2026,0.121631622,0.88288516,0.049142458,0.8998172,0.88288516,0.8888777,3.0979595,table_3_1774187719104765688,RED_Control_ids,RED,0.42,0.03,0.9242,0.6501,0.163,-0.27180741096039385,05/02/2026,Control-Sun
234,R7,34.91629791,32.02521515,04/01/2026,0.199237823,0.88826704,0.043254364,0.8941482,0.88826704,0.96662754,3.3792582,table_56_1774187719104782288,RED_white_led_ids,RED,0.6,0.03,1.0198,1.1908,0.298,-0.32572875504871873,05/02/2026,White LED
235,R7,34.91625595,32.02522278,04/01/2026,0.204093933,0.8795524,0.048920564,0.8907942,0.8795524,1.1457843,4.0274477,table_13_1774187719104768688,RED_white_led_ids,RED,0.6,0.03,1.0198,1.1908,0.298,-0.32572875504871873,05/02/2026,White LED
224,R2,34.91627121,32.02520752,22/01/2026,0.066959381,0.8923148,0.044740826,0.9057098,0.8923148,0.9874159,3.4544709,table_36_1774186061812413736,RED_white_blue_led_ids,RED,0.31,0.03,0.9322,0.8433,0.211,-0.3271147547355978,29/01/2026,White+Blue LED
226,R2,34.91627121,32.0252037,22/01/2026,0.069988251,0.86261326,0.054759692,0.8765112,0.86261326,0.9782963,3.421476,table_24_1774186061812410336,RED_white_blue_led_ids,RED,0.31,0.03,0.9322,0.8433,0.211,-0.3271147547355978,29/01/2026,White+Blue LED
160,R1,34.91624069,32.02518463,01/12/2025,0.08599472,0.8438341,0.04966232,0.85509133,0.8438341,0.9833514,3.4397655,table_0_1774168017329665568,RED_white_blue_led_ids,RED,0.22,0.03,0.7162,0.107,0.027,-0.3725125565907219,05/12/2025,White+Blue LED
162,R1,34.91620255,32.02521515,01/12/2025,0.076473236,0.84077394,0.056578986,0.8575579,0.84077394,1.0129302,3.5467813,table_24_1774168017329675368,RED_white_blue_led_ids,RED,0.22,0.03,0.7162,0.107,0.027,-0.3725125565907219,05/12/2025,White+Blue LED
165,R1,34.91619492,32.02518845,01/12/2025,0.084526062,0.84201837,0.060903117,0.8579102,0.84201837,0.98137623,3.432619,table_32_1774168017329677768,RED_white_blue_led_ids,RED,0.22,0.03,0.7162,0.107,0.027,-0.3725125565907219,05/12/2025,White+Blue LED
163,R1,34.91619492,32.02517319,01/12/2025,0.080104828,0.849051,0.047333825,0.86185837,0.849051,1.0190638,3.5689728,table_8_1774168017329669768,RED_white_blue_led_ids,RED,0.22,0.03,0.7162,0.107,0.027,-0.3725125565907219,05/12/2025,White+Blue LED
161,R1,34.91622543,32.02519608,01/12/2025,0.08392334,0.8457907,0.048203964,0.85633874,0.8457907,0.98533636,3.446947,table_16_1774168017329672868,RED_white_blue_led_ids,RED,0.22,0.03,0.7162,0.107,0.027,-0.3725125565907219,05/12/2025,White+Blue LED
196,C2,34.91629028,32.02527237,29/12/2025,0.212306976,0.62054753,0.012052248,0.61963576,0.62054753,0.8943187,3.1176453,table_44_1774184724601155728,RED_Control_ids,RED,1.28,0.03,0.7704,0.4259,0.106,-0.4094716234827408,31/12/2025,Control-Sun
188,C2,34.91629028,32.02523041,29/12/2025,0.507305145,0.75951356,0.027108124,0.76085895,0.75951356,0.9000638,3.1384304,table_60_1774184724601159429,RED_Control_ids,RED,1.28,0.03,0.7704,0.4259,0.106,-0.4094716234827408,31/12/2025,Control-Sun
187,C2,34.91627121,32.02519608,29/12/2025,0.462516785,0.81945235,0.030896282,0.82207376,0.81945235,0.8532532,2.96907,table_14_1774184724601147128,RED_Control_ids,RED,1.28,0.03,0.7704,0.4259,0.106,-0.4094716234827408,31/12/2025,Control-Sun
205,C2,34.91628265,32.02517319,29/12/2025,0.461193085,0.91551256,0.037251305,0.91859436,0.91551256,1.1506059,4.044892,table_29_1774184724601151328,RED_Control_ids,RED,1.28,0.03,0.7704,0.4259,0.106,-0.4094716234827408,31/12/2025,Control-Sun
234,R3,34.91629791,32.02521515,04/01/2026,0.199237823,0.88332427,0.04654878,0.89173055,0.88332427,1.0440153,3.659247,table_63_1774187719104784088,RED_white_blue_led_ids,RED,0.81,0.03,0.9161,1.0121,0.253,-0.410978780501786,05/02/2026,White+Blue LED
235,R3,34.91625595,32.02522278,04/01/2026,0.204093933,0.89133877,0.04287496,0.90122104,0.89133877,1.081096,3.7934053,table_23_1774187719104771488,RED_white_blue_led_ids,RED,0.81,0.03,0.9161,1.0121,0.253,-0.410978780501786,05/02/2026,White+Blue LED
234,R4,34.91629791,32.02521515,04/01/2026,0.199237823,0.8849723,0.047644902,0.8975809,0.8849723,0.9440119,3.2974348,table_64_1774187719104784288,RED_white_blue_led_ids,RED,0.33,0.03,0.893,0.9543,0.239,-0.4246463984741195,05/02/2026,White+Blue LED
235,R4,34.91625595,32.02522278,04/01/2026,0.204093933,0.8858551,0.05179087,0.9010092,0.8858551,1.0474112,3.6715336,table_24_1774187719104771788,RED_white_blue_led_ids,RED,0.33,0.03,0.893,0.9543,0.239,-0.4246463984741195,05/02/2026,White+Blue LED
161,C1,34.91622543,32.02519608,01/12/2025,0.08392334,0.8453792,0.045393948,0.8594801,0.8453792,0.9808037,3.430548,table_22_1774168017329674868,RED_Control_ids,RED,0.23,0.03,0.6346,0.0947,0.024,-0.4926566831506699,05/12/2025,Control-Sun
165,C1,34.91619492,32.02518845,01/12/2025,0.084526062,0.8382012,0.049054865,0.8492184,0.8382012,0.9567803,3.3436308,table_38_1774168017329679968,RED_Control_ids,RED,0.23,0.03,0.6346,0.0947,0.024,-0.4926566831506699,05/12/2025,Control-Sun
162,C1,34.91620255,32.02521515,01/12/2025,0.076473236,0.83265215,0.054312382,0.85165215,0.83265215,0.9587574,3.3507843,table_30_1774168017329677268,RED_Control_ids,RED,0.23,0.03,0.6346,0.0947,0.024,-0.4926566831506699,05/12/2025,Control-Sun
160,C1,34.91624069,32.02518463,01/12/2025,0.08599472,0.84088486,0.049550638,0.85311174,0.84088486,1.0075449,3.527297,table_6_1774168017329669168,RED_Control_ids,RED,0.23,0.03,0.6346,0.0947,0.024,-0.4926566831506699,05/12/2025,Control-Sun
163,C1,34.91619492,32.02517319,01/12/2025,0.080104828,0.84092337,0.052845493,0.85820764,0.84092337,0.97204155,3.3988461,table_14_1774168017329672268,RED_Control_ids,RED,0.23,0.03,0.6346,0.0947,0.024,-0.4926566831506699,05/12/2025,Control-Sun
162,R11,34.91620255,32.02521515,01/12/2025,0.076473236,0.85267437,0.049921136,0.8675006,0.85267437,1.0269415,3.5974748,table_28_1774168017329676668,RED_Shade_ids,RED,0.18,0.03,0.5975,0.0988,0.025,-0.5568678170682223,05/12/2025,Shade
165,R11,34.91619492,32.02518845,01/12/2025,0.084526062,0.8597116,0.044777974,0.8705078,0.8597116,1.0345082,3.6248507,table_36_1774168017329679468,RED_Shade_ids,RED,0.18,0.03,0.5975,0.0988,0.025,-0.5568678170682223,05/12/2025,Shade
161,R11,34.91622543,32.02519608,01/12/2025,0.08392334,0.8401485,0.051139217,0.8521813,0.8401485,1.012036,3.5435462,table_20_1774168017329674368,RED_Shade_ids,RED,0.18,0.03,0.5975,0.0988,0.025,-0.5568678170682223,05/12/2025,Shade
160,R11,34.91624069,32.02518463,01/12/2025,0.08599472,0.8478129,0.04599344,0.8577403,0.8478129,1.0146949,3.5531662,table_4_1774168017329668468,RED_Shade_ids,RED,0.18,0.03,0.5975,0.0988,0.025,-0.5568678170682223,05/12/2025,Shade
163,R11,34.91619492,32.02517319,01/12/2025,0.080104828,0.857098,0.046775177,0.87150127,0.857098,0.9998935,3.4996145,table_12_1774168017329671568,RED_Shade_ids,RED,0.18,0.03,0.5975,0.0988,0.025,-0.5568678170682223,05/12/2025,Shade
234,R2,34.91629791,32.02521515,04/01/2026,0.199237823,0.87211025,0.04621164,0.8805996,0.87211025,1.0713831,3.758264,table_62_1774187719104783788,RED_white_blue_led_ids,RED,0.77,0.03,0.7968,1.0202,0.255,-0.6124874325257426,05/02/2026,White+Blue LED
235,R2,34.91625595,32.02522278,04/01/2026,0.204093933,0.88958025,0.039171334,0.8962745,0.88958025,1.0560663,3.7028477,table_22_1774187719104771188,RED_white_blue_led_ids,RED,0.77,0.03,0.7968,1.0202,0.255,-0.6124874325257426,05/02/2026,White+Blue LED
227,R11,34.91625214,32.02519989,22/01/2026,0.077987671,0.8012929,0.03587381,0.80679846,0.8012929,0.9848334,3.445127,table_75_1774186061812431936,RED_Shade_ids,RED,0.18,0.03,0.6393,0.6194,0.155,-0.6329913745028001,29/01/2026,Shade
228,R11,34.91625214,32.02519989,22/01/2026,0.088142395,0.8543964,0.048601836,0.86493224,0.8543964,1.1327547,3.9803061,table_10_1774186061812405636,RED_Shade_ids,RED,0.18,0.03,0.6393,0.6194,0.155,-0.6329913745028001,29/01/2026,Shade
240,R12,34.91627121,32.02521896,04/01/2026,0.171821594,0.89279413,0.043827266,0.9076849,0.89279413,1.0559379,3.702383,table_73_1774187719104787088,RED_Shade_ids,RED,0.51,0.03,0.7855,1.1492,0.287,-0.6971531939273717,05/02/2026,Shade
238,R12,34.91626358,32.02522278,04/01/2026,0.173934937,0.8991073,0.038640868,0.91145605,0.8991073,0.97906893,3.4242713,table_34_1774187719104775088,RED_Shade_ids,RED,0.51,0.03,0.7855,1.1492,0.287,-0.6971531939273717,05/02/2026,Shade
196,C3,34.91629028,32.02527237,29/12/2025,0.212306976,0.61787623,0.010403376,0.61665875,0.61787623,0.87038493,3.031053,table_43_1774184724601155428,RED_Control_ids,RED,1.09,0.03,0.6139,0.6157,0.154,-0.7765266155883158,31/12/2025,Control-Sun
188,C3,34.91629028,32.02523041,29/12/2025,0.507305145,0.76158696,0.028130956,0.7664429,0.76158696,0.9109559,3.1778383,table_61_1774184724601159629,RED_Control_ids,RED,1.09,0.03,0.6139,0.6157,0.154,-0.7765266155883158,31/12/2025,Control-Sun
205,C3,34.91628265,32.02517319,29/12/2025,0.461193085,0.9024422,0.039529007,0.9010696,0.9024422,1.1086198,3.8929865,table_30_1774184724601151628,RED_Control_ids,RED,1.09,0.03,0.6139,0.6157,0.154,-0.7765266155883158,31/12/2025,Control-Sun
187,C3,34.91627121,32.02519608,29/12/2025,0.462516785,0.8161523,0.032571923,0.8181266,0.8161523,0.81555325,2.8326716,table_15_1774184724601147428,RED_Control_ids,RED,1.09,0.03,0.6139,0.6157,0.154,-0.7765266155883158,31/12/2025,Control-Sun
169,C1,34.91621399,32.02515793,09/12/2025,0.166728973,0.8707536,0.044285316,0.88133967,0.8707536,1.0049698,3.5179806,table_22_1774174492452114912,RED_Control_ids,RED,0.23,0.03,0.5577,0.6355,0.159,-0.9187913558297501,09/12/2025,Control-Sun
173,C1,34.91621399,32.02516556,09/12/2025,0.168849945,0.86999613,0.053058986,0.8839328,0.86999613,1.0201458,3.5728872,table_30_1774174492452117312,RED_Control_ids,RED,0.23,0.03,0.5577,0.6355,0.159,-0.9187913558297501,09/12/2025,Control-Sun
174,C1,34.91618347,32.0251503,09/12/2025,0.170677185,0.86594373,0.046683364,0.8754958,0.86594373,1.0403763,3.6460812,table_38_1774174492452120112,RED_Control_ids,RED,0.23,0.03,0.5577,0.6355,0.159,-0.9187913558297501,09/12/2025,Control-Sun
168,C1,34.91623306,32.02518082,09/12/2025,0.177524567,0.869067,0.043433215,0.8769379,0.869067,1.0171924,3.562202,table_6_1774174492452110012,RED_Control_ids,RED,0.23,0.03,0.5577,0.6355,0.159,-0.9187913558297501,09/12/2025,Control-Sun
175,C1,34.91620636,32.02514648,09/12/2025,0.159690857,0.8753684,0.04748949,0.8829683,0.8753684,1.0215704,3.578042,table_14_1774174492452112412,RED_Control_ids,RED,0.23,0.03,0.5577,0.6355,0.159,-0.9187913558297501,09/12/2025,Control-Sun
173,R6,34.91621399,32.02516556,09/12/2025,0.168849945,0.85672736,0.04424134,0.86281526,0.85672736,1.0416199,3.650581,table_26_1774174492452115912,RED_white_led_ids,RED,0.2,0.03,0.5122,0.4783,0.12,-0.9339431225868511,09/12/2025,White LED
174,R6,34.91618347,32.0251503,09/12/2025,0.170677185,0.8588628,0.039819196,0.86027914,0.8588628,1.0311395,3.6126618,table_34_1774174492452119012,RED_white_led_ids,RED,0.2,0.03,0.5122,0.4783,0.12,-0.9339431225868511,09/12/2025,White LED
169,R6,34.91621399,32.02515793,09/12/2025,0.166728973,0.86420155,0.04305605,0.86718,0.86420155,1.0309049,3.611814,table_18_1774174492452113812,RED_white_led_ids,RED,0.2,0.03,0.5122,0.4783,0.12,-0.9339431225868511,09/12/2025,White LED
168,R6,34.91623306,32.02518082,09/12/2025,0.177524567,0.85867345,0.045389816,0.8591119,0.85867345,1.0337101,3.6219633,table_2_1774174492452108812,RED_white_led_ids,RED,0.2,0.03,0.5122,0.4783,0.12,-0.9339431225868511,09/12/2025,White LED
175,R6,34.91620636,32.02514648,09/12/2025,0.159690857,0.85822517,0.041706223,0.8639939,0.85822517,1.0497478,3.6799874,table_10_1774174492452111212,RED_white_led_ids,RED,0.2,0.03,0.5122,0.4783,0.12,-0.9339431225868511,09/12/2025,White LED
178,C3,34.91627502,32.0252037,23/12/2025,0.299739838,0.9035929,0.048477873,0.91468585,0.9035929,0.99350184,3.4764895,table_14_1774178176226639542,RED_Control_ids,RED,1.4,0.03,0.5147,0.5375,0.134,-0.9675813946862208,25/12/2025,Control-Sun
196,C1,34.91629028,32.02527237,29/12/2025,0.212306976,0.6209072,0.011425283,0.6201859,0.6209072,0.8865746,3.089627,table_46_1774184724601156128,RED_Control_ids,RED,1.24,0.03,0.4537,0.3259,0.081,-0.9888587365405607,31/12/2025,Control-Sun
196,R3,34.91629028,32.02527237,29/12/2025,0.212306976,0.61584,0.009459162,0.6152084,0.61584,0.8703322,3.0308616,table_34_1774184724601153028,RED_white_blue_led_ids,RED,2.77,0.03,0.5158,0.5741,0.144,-0.9888587365405607,31/12/2025,White+Blue LED
188,R3,34.91629028,32.02523041,29/12/2025,0.507305145,0.75025225,0.0333772,0.75159234,0.75025225,0.91432095,3.1900132,table_50_1774184724601156928,RED_white_blue_led_ids,RED,2.77,0.03,0.5158,0.5741,0.144,-0.9888587365405607,31/12/2025,White+Blue LED
188,C1,34.91629028,32.02523041,29/12/2025,0.507305145,0.7634856,0.02937753,0.7666882,0.7634856,0.9229838,3.2213557,table_62_1774184724601159829,RED_Control_ids,RED,1.24,0.03,0.4537,0.3259,0.081,-0.9888587365405607,31/12/2025,Control-Sun
187,R3,34.91627121,32.02519608,29/12/2025,0.462516785,0.8094546,0.031583242,0.81108826,0.8094546,0.7721808,2.67575,table_3_1774184724601143928,RED_white_blue_led_ids,RED,2.77,0.03,0.5158,0.5741,0.144,-0.9888587365405607,31/12/2025,White+Blue LED
187,C1,34.91627121,32.02519608,29/12/2025,0.462516785,0.82814014,0.03248804,0.82997745,0.82814014,0.89046234,3.1036928,table_13_1774184724601146828,RED_Control_ids,RED,1.24,0.03,0.4537,0.3259,0.081,-0.9888587365405607,31/12/2025,Control-Sun
205,C1,34.91628265,32.02517319,29/12/2025,0.461193085,0.9086325,0.036692444,0.90718013,0.9086325,1.1153524,3.9173448,table_28_1774184724601151128,RED_Control_ids,RED,1.24,0.03,0.4537,0.3259,0.081,-0.9888587365405607,31/12/2025,Control-Sun
205,R3,34.91628265,32.02517319,29/12/2025,0.461193085,0.9025634,0.041101143,0.90609723,0.9025634,1.0996773,3.8606322,table_22_1774184724601149528,RED_white_blue_led_ids,RED,2.77,0.03,0.5158,0.5741,0.144,-0.9888587365405607,31/12/2025,White+Blue LED
178,C2,34.91627502,32.0252037,23/12/2025,0.299739838,0.9030593,0.047592446,0.91352594,0.9030593,0.9928817,3.474246,table_13_1774178176226639242,RED_Control_ids,RED,1.25,0.03,0.5171,0.5872,0.147,-0.9942495706448166,25/12/2025,Control-Sun
178,R8,34.91627502,32.0252037,23/12/2025,0.299739838,0.9102022,0.046934247,0.91923654,0.9102022,1.0758727,3.7745073,table_6_1774178176226637142,RED_white_led_ids,RED,1.37,0.03,0.5488,0.7335,0.183,-1.0078551856773712,25/12/2025,White LED
173,R1,34.91621399,32.02516556,09/12/2025,0.168849945,0.85905385,0.0420998,0.8661599,0.85905385,1.0310283,3.6122606,table_24_1774174492452115312,RED_white_blue_led_ids,RED,0.27,0.03,0.5207,0.7561,0.189,-1.102617298021992,09/12/2025,White+Blue LED
174,R1,34.91618347,32.0251503,09/12/2025,0.170677185,0.85702324,0.04309552,0.8642835,0.85702324,1.0155818,3.5563753,table_32_1774174492452117812,RED_white_blue_led_ids,RED,0.27,0.03,0.5207,0.7561,0.189,-1.102617298021992,09/12/2025,White+Blue LED
168,R1,34.91623306,32.02518082,09/12/2025,0.177524567,0.86207247,0.050086655,0.8707371,0.86207247,1.0062412,3.5225806,table_0_1774174492452106712,RED_white_blue_led_ids,RED,0.27,0.03,0.5207,0.7561,0.189,-1.102617298021992,09/12/2025,White+Blue LED
175,R1,34.91620636,32.02514648,09/12/2025,0.159690857,0.85688215,0.0513084,0.8668662,0.85688215,1.0078468,3.52839,table_8_1774174492452110512,RED_white_blue_led_ids,RED,0.27,0.03,0.5207,0.7561,0.189,-1.102617298021992,09/12/2025,White+Blue LED
169,R1,34.91621399,32.02515793,09/12/2025,0.166728973,0.8628953,0.04546054,0.86716044,0.8628953,1.0248088,3.5897582,table_16_1774174492452113012,RED_white_blue_led_ids,RED,0.27,0.03,0.5207,0.7561,0.189,-1.102617298021992,09/12/2025,White+Blue LED
178,R2,34.91627502,32.0252037,23/12/2025,0.299739838,0.8994088,0.04758016,0.9058518,0.8994088,1.0391688,3.6417127,table_1_1774178176226635442,RED_white_blue_led_ids,RED,1.33,0.03,0.4595,0.6231,0.156,-1.1907242881076416,25/12/2025,White+Blue LED
178,C1,34.91627502,32.0252037,23/12/2025,0.299739838,0.9130834,0.048012305,0.9293438,0.9130834,0.9281518,3.2400532,table_12_1774178176226638942,RED_Control_ids,RED,1.66,0.03,0.3949,0.4867,0.122,-1.298279820800223,25/12/2025,Control-Sun
178,R1,34.91627502,32.0252037,23/12/2025,0.299739838,0.91248214,0.046082407,0.9224961,0.91248214,1.0046978,3.5169969,table_0_1774178176226633942,RED_white_blue_led_ids,RED,1.19,0.03,0.4624,0.7665,0.192,-1.305632768072344,25/12/2025,White+Blue LED
188,R2,34.91629028,32.02523041,29/12/2025,0.507305145,0.77071375,0.029017948,0.77194566,0.77071375,0.9732141,3.4030886,table_49_1774184724601156728,RED_white_blue_led_ids,RED,1.71,0.03,0.4441,0.7598,0.19,-1.3704170749634765,31/12/2025,White+Blue LED
196,R2,34.91629028,32.02527237,29/12/2025,0.212306976,0.6209734,0.011362465,0.6201859,0.6209734,0.8848532,3.0833988,table_33_1774184724601152828,RED_white_blue_led_ids,RED,1.71,0.03,0.4441,0.7598,0.19,-1.3704170749634765,31/12/2025,White+Blue LED
187,R2,34.91627121,32.02519608,29/12/2025,0.462516785,0.8145222,0.034342393,0.81615525,0.8145222,0.81583107,2.8336768,table_2_1774184724601143628,RED_white_blue_led_ids,RED,1.71,0.03,0.4441,0.7598,0.19,-1.3704170749634765,31/12/2025,White+Blue LED
205,R2,34.91628265,32.02517319,29/12/2025,0.461193085,0.9182364,0.03787783,0.9224723,0.9182364,1.140923,4.0098596,table_21_1774184724601149128,RED_white_blue_led_ids,RED,1.71,0.03,0.4441,0.7598,0.19,-1.3704170749634765,31/12/2025,White+Blue LED
178,R6,34.91627502,32.0252037,23/12/2025,0.299739838,0.905269,0.043392137,0.9149047,0.905269,0.9834537,3.4401357,table_4_1774178176226636442,RED_white_led_ids,RED,1.16,0.03,0.4764,0.898,0.225,-1.378322223224619,25/12/2025,White LED
196,R7,34.91629028,32.02527237,29/12/2025,0.212306976,0.6172283,0.009956965,0.6157636,0.6172283,0.88166475,3.0718634,table_36_1774184724601153528,RED_white_led_ids,RED,1.17,0.03,0.4189,0.6681,0.167,-1.378322223224619,31/12/2025,White LED
188,R7,34.91629028,32.02523041,29/12/2025,0.507305145,0.7694286,0.03293572,0.77592266,0.7694286,0.98015827,3.4282126,table_55_1774184724601158329,RED_white_led_ids,RED,1.17,0.03,0.4189,0.6681,0.167,-1.378322223224619,31/12/2025,White LED
187,R7,34.91627121,32.02519608,29/12/2025,0.462516785,0.82623065,0.02902961,0.83012486,0.82623065,0.8679249,3.0221524,table_6_1774184724601144728,RED_white_led_ids,RED,1.17,0.03,0.4189,0.6681,0.167,-1.378322223224619,31/12/2025,White LED
205,R7,34.91628265,32.02517319,29/12/2025,0.461193085,0.906031,0.04031265,0.9127772,0.906031,1.1439863,4.020943,table_18_1774184724601148428,RED_white_led_ids,RED,1.17,0.03,0.4189,0.6681,0.167,-1.378322223224619,31/12/2025,White LED
196,R6,34.91629028,32.02527237,29/12/2025,0.212306976,0.6214062,0.011456872,0.6201859,0.6214062,0.8898046,3.1013126,table_35_1774184724601153228,RED_white_led_ids,RED,1.29,0.03,0.3906,0.5912,0.148,-1.4146897204237188,31/12/2025,White LED
188,R6,34.91629028,32.02523041,29/12/2025,0.507305145,0.7730429,0.033397626,0.77679473,0.7730429,0.9939463,3.478098,table_56_1774184724601158529,RED_white_led_ids,RED,1.29,0.03,0.3906,0.5912,0.148,-1.4146897204237188,31/12/2025,White LED
187,R6,34.91627121,32.02519608,29/12/2025,0.462516785,0.8258169,0.041751187,0.83351994,0.8258169,0.8840966,3.0806615,table_5_1774184724601144428,RED_white_led_ids,RED,1.29,0.03,0.3906,0.5912,0.148,-1.4146897204237188,31/12/2025,White LED
205,R6,34.91628265,32.02517319,29/12/2025,0.461193085,0.90561646,0.03865417,0.90856075,0.90561646,1.1573424,4.069265,table_19_1774184724601148628,RED_white_led_ids,RED,1.29,0.03,0.3906,0.5912,0.148,-1.4146897204237188,31/12/2025,White LED
196,R8,34.91629028,32.02527237,29/12/2025,0.212306976,0.6263039,0.013246776,0.6263837,0.6263039,0.90438116,3.154051,table_37_1774184724601153728,RED_white_led_ids,RED,0.89,0.03,0.4001,0.6581,0.165,-1.4439192366773688,31/12/2025,White LED
196,R13,34.91629028,32.02527237,29/12/2025,0.212306976,0.6133195,0.008328045,0.61322314,0.6133195,0.85802144,2.9863212,table_40_1774184724601154428,RED_Shade_ids,RED,1.04,0.03,0.3879,0.4841,0.121,-1.4439192366773688,31/12/2025,Shade
188,R8,34.91629028,32.02523041,29/12/2025,0.507305145,0.77258635,0.033563185,0.7772057,0.77258635,0.95281327,3.3292785,table_54_1774184724601158129,RED_white_led_ids,RED,0.89,0.03,0.4001,0.6581,0.165,-1.4439192366773688,31/12/2025,White LED
188,R13,34.91629028,32.02523041,29/12/2025,0.507305145,0.7361287,0.030317927,0.73890066,0.7361287,0.87321365,3.041287,table_57_1774184724601158729,RED_Shade_ids,RED,1.04,0.03,0.3879,0.4841,0.121,-1.4439192366773688,31/12/2025,Shade
187,R8,34.91627121,32.02519608,29/12/2025,0.462516785,0.8245253,0.036755662,0.8303612,0.8245253,0.8227641,2.8587606,table_7_1774184724601145028,RED_white_led_ids,RED,0.89,0.03,0.4001,0.6581,0.165,-1.4439192366773688,31/12/2025,White LED
187,R13,34.91627121,32.02519608,29/12/2025,0.462516785,0.7848118,0.039099794,0.7892009,0.7848118,0.7557041,2.6161377,table_11_1774184724601146228,RED_Shade_ids,RED,1.04,0.03,0.3879,0.4841,0.121,-1.4439192366773688,31/12/2025,Shade
205,R13,34.91628265,32.02517319,29/12/2025,0.461193085,0.8752488,0.051216744,0.8822705,0.8752488,1.0247818,3.5896606,table_24_1774184724601150028,RED_Shade_ids,RED,1.04,0.03,0.3879,0.4841,0.121,-1.4439192366773688,31/12/2025,Shade
205,R8,34.91628265,32.02517319,29/12/2025,0.461193085,0.91928667,0.03804215,0.9246303,0.91928667,1.1330159,3.9812515,table_17_1774184724601148128,RED_white_led_ids,RED,0.89,0.03,0.4001,0.6581,0.165,-1.4439192366773688,31/12/2025,White LED
188,R1,34.91629028,32.02523041,29/12/2025,0.507305145,0.7662424,0.034719247,0.76810104,0.7662424,0.9792568,3.4249513,table_48_1774184724601156528,RED_white_blue_led_ids,RED,1.32,0.03,0.3447,0.4428,0.111,-1.4524298901292934,31/12/2025,White+Blue LED
196,R1,34.91629028,32.02527237,29/12/2025,0.212306976,0.618207,0.010048736,0.6175421,0.618207,0.8830742,3.0769625,table_32_1774184724601152128,RED_white_blue_led_ids,RED,1.32,0.03,0.3447,0.4428,0.111,-1.4524298901292934,31/12/2025,White+Blue LED
187,R1,34.91627121,32.02519608,29/12/2025,0.462516785,0.82016766,0.036959264,0.8240693,0.82016766,0.8544204,2.973293,table_1_1774184724601143128,RED_white_blue_led_ids,RED,1.32,0.03,0.3447,0.4428,0.111,-1.4524298901292934,31/12/2025,White+Blue LED
205,R1,34.91628265,32.02517319,29/12/2025,0.461193085,0.89385444,0.0483372,0.8950368,0.89385444,0.9813606,3.4325624,table_20_1774184724601148828,RED_white_blue_led_ids,RED,1.32,0.03,0.3447,0.4428,0.111,-1.4524298901292934,31/12/2025,White+Blue LED
178,R13,34.91627502,32.0252037,23/12/2025,0.299739838,0.8731311,0.05689519,0.88173664,0.8731311,0.9551504,3.337734,table_10_1774178176226638442,RED_Shade_ids,RED,1.4,0.03,0.3745,0.6017,0.15,-1.4961047628513477,25/12/2025,Shade
196,R12,34.91629028,32.02527237,29/12/2025,0.212306976,0.60797197,0.006031781,0.6052632,0.60797197,0.8411786,2.925384,table_41_1774184724601155028,RED_Shade_ids,RED,0.85,0.03,0.4124,0.6571,0.164,-1.4961047628513477,31/12/2025,Shade
188,R12,34.91629028,32.02523041,29/12/2025,0.507305145,0.7634559,0.028656285,0.76832145,0.7634559,0.9474897,3.310018,table_58_1774184724601158929,RED_Shade_ids,RED,0.85,0.03,0.4124,0.6571,0.164,-1.4961047628513477,31/12/2025,Shade
187,R12,34.91627121,32.02519608,29/12/2025,0.462516785,0.80708873,0.037789892,0.810159,0.80708873,0.83178115,2.8913844,table_10_1774184724601145928,RED_Shade_ids,RED,0.85,0.03,0.4124,0.6571,0.164,-1.4961047628513477,31/12/2025,Shade
205,R12,34.91628265,32.02517319,29/12/2025,0.461193085,0.8702968,0.06860017,0.88530463,0.8702968,1.0549861,3.6989398,table_26_1774184724601150528,RED_Shade_ids,RED,0.85,0.03,0.4124,0.6571,0.164,-1.4961047628513477,31/12/2025,Shade
234,G4,34.91629791,32.02521515,04/01/2026,0.199237823,0.84113973,0.051738694,0.843673,0.84113973,1.0117035,3.5423434,table_53_1774187719104781488,GREEN_white_blue_led_ids,GREEN,1.02,0.03,0.623,1.601,0.4,-1.50057902322714,05/02/2026,White+Blue LED
235,G4,34.91625595,32.02522278,04/01/2026,0.204093933,0.8406359,0.049433783,0.8439788,0.8406359,1.0015453,3.5055912,table_16_1774187719104769388,GREEN_white_blue_led_ids,GREEN,1.02,0.03,0.623,1.601,0.4,-1.50057902322714,05/02/2026,White+Blue LED
178,R3,34.91627502,32.0252037,23/12/2025,0.299739838,0.90614295,0.043801032,0.91657144,0.90614295,1.0419716,3.6518528,table_2_1774178176226635842,RED_white_blue_led_ids,RED,1.23,0.03,0.3323,0.481,0.12,-1.5511642873401175,25/12/2025,White+Blue LED
173,R11,34.91621399,32.02516556,09/12/2025,0.168849945,0.8724925,0.043797545,0.8818337,0.8724925,0.9985096,3.4946077,table_28_1774174492452116712,RED_Shade_ids,RED,0.28,0.03,0.3036,0.5977,0.149,-1.5994826310981365,09/12/2025,Shade
174,R11,34.91618347,32.0251503,09/12/2025,0.170677185,0.84948605,0.045723807,0.85820895,0.84948605,1.0325626,3.6178117,table_36_1774174492452119412,RED_Shade_ids,RED,0.28,0.03,0.3036,0.5977,0.149,-1.5994826310981365,09/12/2025,Shade
169,R11,34.91621399,32.02515793,09/12/2025,0.166728973,0.83989906,0.04049335,0.84734976,0.83989906,0.9960401,3.4856732,table_20_1774174492452114412,RED_Shade_ids,RED,0.28,0.03,0.3036,0.5977,0.149,-1.5994826310981365,09/12/2025,Shade
168,R11,34.91623306,32.02518082,09/12/2025,0.177524567,0.85672736,0.042998478,0.864744,0.85672736,1.004098,3.514827,table_4_1774174492452109312,RED_Shade_ids,RED,0.28,0.03,0.3036,0.5977,0.149,-1.5994826310981365,09/12/2025,Shade
175,R11,34.91620636,32.02514648,09/12/2025,0.159690857,0.86989695,0.042401586,0.8829683,0.86989695,1.0208112,3.5752947,table_12_1774174492452111812,RED_Shade_ids,RED,0.28,0.03,0.3036,0.5977,0.149,-1.5994826310981365,09/12/2025,Shade
196,R11,34.91629028,32.02527237,29/12/2025,0.212306976,0.6118633,0.007071546,0.61169696,0.6118633,0.849747,2.9563847,table_39_1774184724601154128,RED_Shade_ids,RED,1.37,0.03,0.4445,0.8693,0.217,-1.6347505922264112,31/12/2025,Shade
188,R11,34.91629028,32.02523041,29/12/2025,0.507305145,0.74705875,0.03225049,0.7488428,0.74705875,0.9227221,3.2204084,table_59_1774184724601159129,RED_Shade_ids,RED,1.37,0.03,0.4445,0.8693,0.217,-1.6347505922264112,31/12/2025,Shade
187,R11,34.91627121,32.02519608,29/12/2025,0.462516785,0.80217224,0.038248263,0.80509955,0.80217224,0.8360296,2.906755,table_9_1774184724601145628,RED_Shade_ids,RED,1.37,0.03,0.4445,0.8693,0.217,-1.6347505922264112,31/12/2025,Shade
205,R11,34.91628265,32.02517319,29/12/2025,0.461193085,0.89542997,0.04446753,0.9002713,0.89542997,1.0961804,3.8479807,table_25_1774184724601150328,RED_Shade_ids,RED,1.37,0.03,0.4445,0.8693,0.217,-1.6347505922264112,31/12/2025,Shade
226,G2,34.91627121,32.0252037,22/01/2026,0.069988251,0.8072548,0.05890032,0.82242274,0.8072548,0.85298115,2.9680858,table_19_1774186061812408936,GREEN_white_blue_led_ids,GREEN,0.26,0.03,0.3304,0.5774,0.144,-1.6820032289393023,29/01/2026,White+Blue LED
224,G2,34.91627121,32.02520752,22/01/2026,0.066959381,0.8283001,0.05291069,0.8396518,0.8283001,0.9531495,3.3304954,table_31_1774186061812412136,GREEN_white_blue_led_ids,GREEN,0.26,0.03,0.3304,0.5774,0.144,-1.6820032289393023,29/01/2026,White+Blue LED
178,R11,34.91627502,32.0252037,23/12/2025,0.299739838,0.88931763,0.041172516,0.900059,0.88931763,0.9404467,3.2845364,table_8_1774178176226637642,RED_Shade_ids,RED,1.05,0.03,0.3463,0.6847,0.171,-1.7429635907892351,25/12/2025,Shade
178,R7,34.91627502,32.0252037,23/12/2025,0.299739838,0.91707903,0.04146955,0.9268351,0.91707903,1.0427123,3.654533,table_5_1774178176226636742,RED_white_led_ids,RED,1.23,0.03,0.3513,0.7048,0.176,-1.7429635907892351,25/12/2025,White LED
162,G1,34.91620255,32.02521515,01/12/2025,0.076473236,0.82885206,0.053683966,0.8478634,0.82885206,1.0050031,3.518101,table_25_1774168017329675768,GREEN_white_blue_led_ids,GREEN,0.3,0.03,0.1833,0.0969,0.024,-1.838844787473507,05/12/2025,White+Blue LED
165,G1,34.91619492,32.02518845,01/12/2025,0.084526062,0.8189627,0.052299254,0.83700144,0.8189627,0.9853694,3.4470663,table_33_1774168017329678568,GREEN_white_blue_led_ids,GREEN,0.3,0.03,0.1833,0.0969,0.024,-1.838844787473507,05/12/2025,White+Blue LED
160,G1,34.91624069,32.02518463,01/12/2025,0.08599472,0.8157886,0.05677559,0.82840335,0.8157886,0.99501514,3.4819648,table_1_1774168017329667468,GREEN_white_blue_led_ids,GREEN,0.3,0.03,0.1833,0.0969,0.024,-1.838844787473507,05/12/2025,White+Blue LED
163,G1,34.91619492,32.02517319,01/12/2025,0.080104828,0.8255897,0.0534666,0.8425006,0.8255897,0.97660583,3.41536,table_9_1774168017329670068,GREEN_white_blue_led_ids,GREEN,0.3,0.03,0.1833,0.0969,0.024,-1.838844787473507,05/12/2025,White+Blue LED
161,G1,34.91622543,32.02519608,01/12/2025,0.08392334,0.8277259,0.05775281,0.84478885,0.8277259,0.99896616,3.4962592,table_17_1774168017329673268,GREEN_white_blue_led_ids,GREEN,0.3,0.03,0.1833,0.0969,0.024,-1.838844787473507,05/12/2025,White+Blue LED
161,C6,34.91622543,32.02519608,01/12/2025,0.08392334,0.82446414,0.049101803,0.833028,0.82446414,1.033408,3.6208706,table_23_1774168017329675168,GREEN_Control_ids,GREEN,0.55,0.03,0.1359,0.0744,0.019,-2.1455727972123593,05/12/2025,Control-Sun
162,C6,34.91620255,32.02521515,01/12/2025,0.076473236,0.8228557,0.052069243,0.8323897,0.8228557,1.0411385,3.6488395,table_31_1774168017329677468,GREEN_Control_ids,GREEN,0.55,0.03,0.1359,0.0744,0.019,-2.1455727972123593,05/12/2025,Control-Sun
165,C6,34.91619492,32.02518845,01/12/2025,0.084526062,0.82401985,0.055914756,0.84209573,0.82401985,1.055309,3.700108,table_39_1774168017329680268,GREEN_Control_ids,GREEN,0.55,0.03,0.1359,0.0744,0.019,-2.1455727972123593,05/12/2025,Control-Sun
160,C6,34.91624069,32.02518463,01/12/2025,0.08599472,0.8107342,0.047183044,0.8194616,0.8107342,1.0384895,3.6392548,table_7_1774168017329669468,GREEN_Control_ids,GREEN,0.55,0.03,0.1359,0.0744,0.019,-2.1455727972123593,05/12/2025,Control-Sun
163,C6,34.91619492,32.02517319,01/12/2025,0.080104828,0.8246671,0.054453067,0.8400538,0.8246671,1.0187944,3.5679982,table_15_1774168017329672568,GREEN_Control_ids,GREEN,0.55,0.03,0.1359,0.0744,0.019,-2.1455727972123593,05/12/2025,Control-Sun
162,G11,34.91620255,32.02521515,01/12/2025,0.076473236,0.8123235,0.04510127,0.824468,0.8123235,1.0306269,3.6108081,table_29_1774168017329676968,GREEN_Shade_ids,GREEN,0.26,0.03,0.129,0.0726,0.018,-2.1982160687013748,05/12/2025,Shade
165,G11,34.91619492,32.02518845,01/12/2025,0.084526062,0.80634546,0.045533575,0.8153216,0.80634546,1.0135446,3.5490043,table_37_1774168017329679668,GREEN_Shade_ids,GREEN,0.26,0.03,0.129,0.0726,0.018,-2.1982160687013748,05/12/2025,Shade
161,G11,34.91622543,32.02519608,01/12/2025,0.08392334,0.8229744,0.046115737,0.8325918,0.8229744,0.99474484,3.4809868,table_21_1774168017329674568,GREEN_Shade_ids,GREEN,0.26,0.03,0.129,0.0726,0.018,-2.1982160687013748,05/12/2025,Shade
160,G11,34.91624069,32.02518463,01/12/2025,0.08599472,0.8145579,0.04323713,0.82443416,0.8145579,1.0084629,3.530619,table_5_1774168017329668868,GREEN_Shade_ids,GREEN,0.26,0.03,0.129,0.0726,0.018,-2.1982160687013748,05/12/2025,Shade
163,G11,34.91619492,32.02517319,01/12/2025,0.080104828,0.8102097,0.04886139,0.82186705,0.8102097,0.98968637,3.4626856,table_13_1774168017329672068,GREEN_Shade_ids,GREEN,0.26,0.03,0.129,0.0726,0.018,-2.1982160687013748,05/12/2025,Shade
244,C10,34.91630554,32.02526855,04/01/2026,0.122257233,0.80698174,0.05068466,0.80851805,0.80698174,1.021058,3.5761878,table_49_1774187719104779888,GREEN_Control_ids,GREEN,1.46,0.03,0.2559,0.748,0.187,-2.6736342817362733,05/02/2026,Control-Sun
242,C10,34.91627884,32.02523041,04/01/2026,0.121631622,0.80843997,0.04342945,0.8091147,0.80843997,0.8889258,3.0981336,table_9_1774187719104767688,GREEN_Control_ids,GREEN,1.46,0.03,0.2559,0.748,0.187,-2.6736342817362733,05/02/2026,Control-Sun
227,G11,34.91625214,32.02519989,22/01/2026,0.077987671,0.7725416,0.053821553,0.7884653,0.7725416,0.93283063,3.2569814,table_70_1774186061812430836,GREEN_Shade_ids,GREEN,0.36,0.03,0.1727,0.4429,0.111,-2.780604765034859,29/01/2026,Shade
228,G11,34.91625214,32.02519989,22/01/2026,0.088142395,0.814308,0.057442885,0.8254319,0.814308,0.9953304,3.4831057,table_5_1774186061812404236,GREEN_Shade_ids,GREEN,0.36,0.03,0.1727,0.4429,0.111,-2.780604765034859,29/01/2026,Shade
226,G1,34.91627121,32.0252037,22/01/2026,0.069988251,0.83382016,0.050881583,0.8393672,0.83382016,0.86515135,3.0121176,table_18_1774186061812408736,GREEN_white_blue_led_ids,GREEN,0.49,0.03,0.2188,0.6298,0.157,-2.7968650215005737,29/01/2026,White+Blue LED
224,G1,34.91627121,32.02520752,22/01/2026,0.066959381,0.82151663,0.059728377,0.8346396,0.82151663,0.95750886,3.3462667,table_30_1774186061812411936,GREEN_white_blue_led_ids,GREEN,0.49,0.03,0.2188,0.6298,0.157,-2.7968650215005737,29/01/2026,White+Blue LED
227,G15,34.91625214,32.02519989,22/01/2026,0.077987671,0.77439964,0.042526074,0.7820671,0.77439964,0.9492447,3.316367,table_74_1774186061812431736,GREEN_Shade_ids,GREEN,0.6,0.03,0.1852,0.5041,0.126,-2.8302008860675105,29/01/2026,Shade
224,G7,34.91627121,32.02520752,22/01/2026,0.066959381,0.8648887,0.04780907,0.8785588,0.8648887,0.9292257,3.2439387,table_41_1774186061812415336,GREEN_white_led_ids,GREEN,0.78,0.03,0.2685,0.838,0.21,-2.8302008860675105,29/01/2026,White LED
228,G15,34.91625214,32.02519989,22/01/2026,0.088142395,0.815146,0.053558815,0.8213034,0.815146,1.0250297,3.5905573,table_9_1774186061812405236,GREEN_Shade_ids,GREEN,0.6,0.03,0.1852,0.5041,0.126,-2.8302008860675105,29/01/2026,Shade
226,G7,34.91627121,32.0252037,22/01/2026,0.069988251,0.86156106,0.055878364,0.88256717,0.86156106,1.0407263,3.647348,table_29_1774186061812411636,GREEN_white_led_ids,GREEN,0.78,0.03,0.2685,0.838,0.21,-2.8302008860675105,29/01/2026,White LED
178,R12,34.91627502,32.0252037,23/12/2025,0.299739838,0.87071675,0.049616255,0.87659585,0.87071675,0.9831174,3.4389188,table_9_1774178176226638042,RED_Shade_ids,RED,0.84,0.03,0.0671,0.0455,0.011,-2.8823857312635677,25/12/2025,Shade
226,G3,34.91627121,32.0252037,22/01/2026,0.069988251,0.81648356,0.05214473,0.82978266,0.81648356,0.8906618,3.1044145,table_20_1774186061812409136,GREEN_white_blue_led_ids,GREEN,0.57,0.03,0.2228,0.6673,0.167,-2.8823857312635677,29/01/2026,White+Blue LED
224,G3,34.91627121,32.02520752,22/01/2026,0.066959381,0.83050615,0.057504885,0.8503721,0.83050615,0.9681885,3.384906,table_32_1774186061812412336,GREEN_white_blue_led_ids,GREEN,0.57,0.03,0.2228,0.6673,0.167,-2.8823857312635677,29/01/2026,White+Blue LED
234,G1,34.91629791,32.02521515,04/01/2026,0.199237823,0.8397537,0.04330174,0.8436842,0.8397537,1.0470347,3.6701715,table_58_1774187719104782788,GREEN_white_blue_led_ids,GREEN,1.85,0.03,0.3696,1.2684,0.317,-2.937444497683484,05/02/2026,White+Blue LED
235,G1,34.91625595,32.02522278,04/01/2026,0.204093933,0.8493642,0.039978545,0.85513246,0.8493642,1.0304863,3.6102996,table_18_1774187719104770088,GREEN_white_blue_led_ids,GREEN,1.85,0.03,0.3696,1.2684,0.317,-2.937444497683484,05/02/2026,White+Blue LED
230,C7,34.91625977,32.02520752,22/01/2026,0.056735992,0.8246353,0.049420785,0.8359312,0.8246353,0.9295834,3.2452323,table_51_1774186061812423736,GREEN_Control_ids,GREEN,0.46,0.03,0.1764,0.4966,0.124,-2.956492329816388,29/01/2026,Control-Sun
229,C7,34.91627502,32.02522278,22/01/2026,0.06413269,0.8298556,0.04808555,0.8407706,0.8298556,0.9019486,3.14525,table_61_1774186061812428336,GREEN_Control_ids,GREEN,0.46,0.03,0.1764,0.4966,0.124,-2.956492329816388,29/01/2026,Control-Sun
244,C8,34.91630554,32.02526855,04/01/2026,0.122257233,0.828146,0.04529449,0.8314749,0.828146,1.1442829,4.0220156,table_47_1774187719104779188,GREEN_Control_ids,GREEN,0.78,0.03,0.1946,0.5716,0.143,-2.956492329816388,05/02/2026,Control-Sun
238,G9,34.91626358,32.02522278,04/01/2026,0.173934937,0.8466325,0.05226156,0.8521811,0.8466325,0.9427925,3.2930229,table_39_1774187719104776588,GREEN_white_led_ids,GREEN,1.44,0.03,0.2669,0.8607,0.215,-2.956492329816388,05/02/2026,White LED
242,C8,34.91627884,32.02523041,04/01/2026,0.121631622,0.8279758,0.04165184,0.825488,0.8279758,0.94384354,3.296826,table_7_1774187719104766988,GREEN_Control_ids,GREEN,0.78,0.03,0.1946,0.5716,0.143,-2.956492329816388,05/02/2026,Control-Sun
240,G9,34.91627121,32.02521896,04/01/2026,0.171821594,0.84998834,0.045745686,0.8581773,0.84998834,0.9703262,3.39264,table_79_1774187719104789288,GREEN_white_led_ids,GREEN,1.44,0.03,0.2669,0.8607,0.215,-2.956492329816388,05/02/2026,White LED
230,C9,34.91625977,32.02520752,22/01/2026,0.056735992,0.80962753,0.041161273,0.81759465,0.80962753,0.8295923,2.883465,table_53_1774186061812426436,GREEN_Control_ids,GREEN,0.84,0.03,0.1991,0.5921,0.148,-2.9759100386069055,29/01/2026,Control-Sun
229,C9,34.91627502,32.02522278,22/01/2026,0.06413269,0.83697456,0.04507291,0.8474476,0.83697456,0.93430984,3.2623332,table_63_1774186061812428736,GREEN_Control_ids,GREEN,0.84,0.03,0.1991,0.5921,0.148,-2.9759100386069055,29/01/2026,Control-Sun
234,G3,34.91629791,32.02521515,04/01/2026,0.199237823,0.87038046,0.042037383,0.8762747,0.87038046,0.92402774,3.2251325,table_60_1774187719104783288,GREEN_white_blue_led_ids,GREEN,1.93,0.03,0.3238,1.0911,0.273,-2.9759100386069055,05/02/2026,White+Blue LED
235,G3,34.91625595,32.02522278,04/01/2026,0.204093933,0.8589338,0.05889291,0.8756249,0.8589338,1.0034014,3.512306,table_20_1774187719104770688,GREEN_white_blue_led_ids,GREEN,1.93,0.03,0.3238,1.0911,0.273,-2.9759100386069055,05/02/2026,White+Blue LED
224,G4,34.91627121,32.02520752,22/01/2026,0.066959381,0.84698343,0.04865503,0.8601208,0.84698343,0.91351914,3.1871123,table_33_1774186061812412936,GREEN_white_blue_led_ids,GREEN,0.83,0.03,0.2203,0.68,0.17,-2.995712273753988,29/01/2026,White+Blue LED
226,G4,34.91627121,32.0252037,22/01/2026,0.069988251,0.8519271,0.056779362,0.8675223,0.8519271,0.9395848,3.2814176,table_21_1774186061812409436,GREEN_white_blue_led_ids,GREEN,0.83,0.03,0.2203,0.68,0.17,-2.995712273753988,29/01/2026,White+Blue LED
234,G5,34.91629791,32.02521515,04/01/2026,0.199237823,0.865675,0.039002318,0.87330467,0.865675,1.0002536,3.5009177,table_54_1774187719104781788,GREEN_white_blue_led_ids,GREEN,0.93,0.03,0.2541,0.8175,0.204,-2.995712273753988,05/02/2026,White+Blue LED
235,G5,34.91625595,32.02522278,04/01/2026,0.204093933,0.8582072,0.040227212,0.8637876,0.8582072,1.0763044,3.7760694,table_15_1774187719104769188,GREEN_white_blue_led_ids,GREEN,0.93,0.03,0.2541,0.8175,0.204,-2.995712273753988,05/02/2026,White+Blue LED
196,G11,34.91629028,32.02527237,29/12/2025,0.212306976,0.61338097,0.007950068,0.61322314,0.61338097,0.8611359,2.9975896,table_42_1774184724601155228,GREEN_Shade_ids,GREEN,0.93,0.03,0.1282,0.3164,0.079,-3.015914572916489,31/12/2025,Shade
188,G1,34.91629028,32.02523041,29/12/2025,0.507305145,0.7339327,0.04490274,0.74217314,0.7339327,0.90777636,3.166335,table_47_1774184724601156328,GREEN_white_blue_led_ids,GREEN,1.77,0.03,0.1367,0.3499,0.087,-3.015914572916489,31/12/2025,White+Blue LED
188,G11,34.91629028,32.02523041,29/12/2025,0.507305145,0.74662304,0.03633585,0.7505902,0.74662304,0.92194337,3.2175913,table_52_1774184724601157429,GREEN_Shade_ids,GREEN,0.93,0.03,0.1282,0.3164,0.079,-3.015914572916489,31/12/2025,Shade
187,G1,34.91627121,32.02519608,29/12/2025,0.462516785,0.7870232,0.04756066,0.79368573,0.7870232,0.81684387,2.837341,table_0_1774184724601141628,GREEN_white_blue_led_ids,GREEN,1.77,0.03,0.1367,0.3499,0.087,-3.015914572916489,31/12/2025,White+Blue LED
187,G11,34.91627121,32.02519608,29/12/2025,0.462516785,0.7964988,0.044068225,0.800108,0.7964988,0.8437077,2.9345348,table_8_1774184724601145328,GREEN_Shade_ids,GREEN,0.93,0.03,0.1282,0.3164,0.079,-3.015914572916489,31/12/2025,Shade
205,G11,34.91628265,32.02517319,29/12/2025,0.461193085,0.8750167,0.050974246,0.87691104,0.8750167,1.0742359,3.768585,table_27_1774184724601150828,GREEN_Shade_ids,GREEN,0.93,0.03,0.1282,0.3164,0.079,-3.015914572916489,31/12/2025,Shade
205,G1,34.91628265,32.02517319,29/12/2025,0.461193085,0.90203243,0.050505646,0.90785813,0.90203243,1.1125488,3.9072018,table_23_1774184724601149828,GREEN_white_blue_led_ids,GREEN,1.77,0.03,0.1367,0.3499,0.087,-3.015914572916489,31/12/2025,White+Blue LED
224,G9,34.91627121,32.02520752,22/01/2026,0.066959381,0.83358014,0.054800197,0.84781265,0.83358014,0.9645814,3.3718555,table_43_1774186061812415736,GREEN_white_led_ids,GREEN,1.43,0.03,0.2185,0.6846,0.171,-3.036533434957924,29/01/2026,White LED
226,G9,34.91627121,32.0252037,22/01/2026,0.069988251,0.8334243,0.05171799,0.84163296,0.8334243,1.0087825,3.5317755,table_16_1774186061812407936,GREEN_white_led_ids,GREEN,1.43,0.03,0.2185,0.6846,0.171,-3.036533434957924,29/01/2026,White LED
240,G15,34.91627121,32.02521896,04/01/2026,0.171821594,0.82776874,0.047255952,0.83206236,0.82776874,1.0261252,3.594521,table_65_1774187719104785188,GREEN_Shade_ids,GREEN,0.7,0.03,0.1915,0.5727,0.143,-3.036533434957924,05/02/2026,Shade
234,G2,34.91629791,32.02521515,04/01/2026,0.199237823,0.86138326,0.049137406,0.8749831,0.86138326,0.9070716,3.1637852,table_59_1774187719104782988,GREEN_white_blue_led_ids,GREEN,1.77,0.03,0.3599,1.2457,0.311,-3.036533434957924,05/02/2026,White+Blue LED
238,G15,34.91626358,32.02522278,04/01/2026,0.173934937,0.84957623,0.04560337,0.8554959,0.84957623,0.8779975,3.058595,table_27_1774187719104772688,GREEN_Shade_ids,GREEN,0.7,0.03,0.1915,0.5727,0.143,-3.036533434957924,05/02/2026,Shade
235,G2,34.91625595,32.02522278,04/01/2026,0.204093933,0.85588455,0.060547,0.8719691,0.85588455,1.0333548,3.6206772,table_19_1774187719104770388,GREEN_white_blue_led_ids,GREEN,1.77,0.03,0.3599,1.2457,0.311,-3.036533434957924,05/02/2026,White+Blue LED
227,G14,34.91625214,32.02519989,22/01/2026,0.077987671,0.77445227,0.04598163,0.7871858,0.77445227,0.95799863,3.3480387,table_73_1774186061812431536,GREEN_Shade_ids,GREEN,0.51,0.03,0.1684,0.4839,0.121,-3.0575864009026774,29/01/2026,Shade
228,G14,34.91625214,32.02519989,22/01/2026,0.088142395,0.815682,0.056898974,0.8303038,0.815682,0.9647322,3.3724015,table_8_1774186061812404936,GREEN_Shade_ids,GREEN,0.51,0.03,0.1684,0.4839,0.121,-3.0575864009026774,29/01/2026,Shade
244,C9,34.91630554,32.02526855,04/01/2026,0.122257233,0.85071343,0.052553337,0.8563048,0.85071343,1.166234,4.1014347,table_48_1774187719104779588,GREEN_Control_ids,GREEN,1.54,0.03,0.2088,0.6476,0.162,-3.0575864009026774,05/02/2026,Control-Sun
240,G6,34.91627121,32.02521896,04/01/2026,0.171821594,0.8629599,0.052793954,0.87603384,0.8629599,0.94826466,3.3128214,table_76_1774187719104787788,GREEN_white_led_ids,GREEN,2.26,0.03,0.3094,1.0511,0.263,-3.0575864009026774,05/02/2026,White LED
240,G13,34.91627121,32.02521896,04/01/2026,0.171821594,0.7870457,0.057636213,0.7803239,0.7870457,0.9581935,3.3487444,table_67_1774187719104785688,GREEN_Shade_ids,GREEN,1.36,0.03,0.187,0.5587,0.14,-3.0575864009026774,05/02/2026,Shade
242,C9,34.91627884,32.02523041,04/01/2026,0.121631622,0.849236,0.049021013,0.8572737,0.849236,0.8847711,3.083102,table_8_1774187719104767188,GREEN_Control_ids,GREEN,1.54,0.03,0.2088,0.6476,0.162,-3.0575864009026774,05/02/2026,Control-Sun
238,G6,34.91626358,32.02522278,04/01/2026,0.173934937,0.84001327,0.072856985,0.8570787,0.84001327,0.9352819,3.2658498,table_36_1774187719104775688,GREEN_white_led_ids,GREEN,2.26,0.03,0.3094,1.0511,0.263,-3.0575864009026774,05/02/2026,White LED
238,G13,34.91626358,32.02522278,04/01/2026,0.173934937,0.7892759,0.05441633,0.79443145,0.7892759,0.83985984,2.9206128,table_25_1774187719104772088,GREEN_Shade_ids,GREEN,1.36,0.03,0.187,0.5587,0.14,-3.0575864009026774,05/02/2026,Shade
240,G7,34.91627121,32.02521896,04/01/2026,0.171821594,0.8587076,0.041780483,0.863797,0.8587076,1.0015094,3.5054607,table_77_1774187719104788888,GREEN_white_led_ids,GREEN,1.98,0.03,0.2159,0.6812,0.17,-3.0790921435988987,05/02/2026,White LED
238,G7,34.91626358,32.02522278,04/01/2026,0.173934937,0.85213125,0.04933205,0.8622043,0.85213125,1.0063045,3.5228097,table_37_1774187719104775988,GREEN_white_led_ids,GREEN,1.98,0.03,0.2159,0.6812,0.17,-3.0790921435988987,05/02/2026,White LED
244,C6,34.91630554,32.02526855,04/01/2026,0.122257233,0.8005171,0.056541014,0.7998192,0.8005171,1.0382966,3.6385572,table_45_1774187719104778688,GREEN_Control_ids,GREEN,0.8,0.03,0.1936,0.5964,0.149,-3.101070567236505,05/02/2026,Control-Sun
242,C6,34.91627884,32.02523041,04/01/2026,0.121631622,0.7949171,0.050457966,0.79202974,0.7949171,0.90706176,3.1637495,table_5_1774187719104766288,GREEN_Control_ids,GREEN,0.8,0.03,0.1936,0.5964,0.149,-3.101070567236505,05/02/2026,Control-Sun
224,G10,34.91627121,32.02520752,22/01/2026,0.066959381,0.8055688,0.05999053,0.8143192,0.8055688,0.8738433,3.043565,table_44_1774186061812416036,GREEN_white_led_ids,GREEN,0.74,0.03,0.1685,0.5043,0.126,-3.1465319077450333,29/01/2026,White LED
226,G10,34.91627121,32.0252037,22/01/2026,0.069988251,0.80519193,0.06130607,0.8109962,0.80519193,0.9722747,3.39969,table_17_1774186061812408436,GREEN_white_led_ids,GREEN,0.74,0.03,0.1685,0.5043,0.126,-3.1465319077450333,29/01/2026,White LED
240,G11,34.91627121,32.02521896,04/01/2026,0.171821594,0.80080926,0.050318815,0.79945576,0.80080926,0.97791076,3.420081,table_69_1774187719104786188,GREEN_Shade_ids,GREEN,1.06,0.03,0.1828,0.5592,0.14,-3.1465319077450333,05/02/2026,Shade
238,G11,34.91626358,32.02522278,04/01/2026,0.173934937,0.81618255,0.052937552,0.8181513,0.81618255,0.87282926,3.0398962,table_30_1774187719104773488,GREEN_Shade_ids,GREEN,1.06,0.03,0.1828,0.5592,0.14,-3.1465319077450333,05/02/2026,Shade
178,G11,34.91627502,32.0252037,23/12/2025,0.299739838,0.836166,0.051279057,0.8394433,0.836166,0.9575546,3.3464327,table_11_1774178176226638642,GREEN_Shade_ids,GREEN,1.33,0.03,0.0513,0.0372,0.009,-3.170061851458401,25/12/2025,Shade
178,G1,34.91627502,32.0252037,23/12/2025,0.299739838,0.8712773,0.056932647,0.87944686,0.8712773,0.99176455,3.4702046,table_3_1774178176226636142,GREEN_white_blue_led_ids,GREEN,1.05,0.03,0.0944,0.2099,0.052,-3.170061851458401,25/12/2025,White+Blue LED
196,C6,34.91629028,32.02527237,29/12/2025,0.212306976,0.620833,0.011386898,0.6201859,0.620833,0.88633865,3.088773,table_45_1774184724601155928,GREEN_Control_ids,GREEN,2.12,0.03,0.1153,0.2914,0.073,-3.170061851458401,31/12/2025,Control-Sun
188,C6,34.91629028,32.02523041,29/12/2025,0.507305145,0.75472224,0.03625398,0.75918174,0.75472224,0.90331835,3.1502059,table_53_1774184724601157929,GREEN_Control_ids,GREEN,2.12,0.03,0.1153,0.2914,0.073,-3.170061851458401,31/12/2025,Control-Sun
205,C6,34.91628265,32.02517319,29/12/2025,0.461193085,0.90154344,0.044597123,0.9079176,0.90154344,1.125494,3.9540372,table_31_1774184724601151928,GREEN_Control_ids,GREEN,2.12,0.03,0.1153,0.2914,0.073,-3.170061851458401,31/12/2025,Control-Sun
187,C6,34.91627121,32.02519608,29/12/2025,0.462516785,0.8155366,0.034816157,0.8176751,0.8155366,0.8847382,3.082983,table_12_1774184724601146628,GREEN_Control_ids,GREEN,2.12,0.03,0.1153,0.2914,0.073,-3.170061851458401,31/12/2025,Control-Sun
224,G8,34.91627121,32.02520752,22/01/2026,0.066959381,0.83865976,0.056231167,0.8509948,0.83865976,0.8872831,3.0921903,table_42_1774186061812415536,GREEN_white_led_ids,GREEN,0.81,0.03,0.1776,0.5442,0.136,-3.170061851458401,29/01/2026,White LED
227,G13,34.91625214,32.02519989,22/01/2026,0.077987671,0.7571138,0.049081612,0.7586031,0.7571138,0.8554227,2.9769192,table_72_1774186061812431336,GREEN_Shade_ids,GREEN,0.57,0.03,0.1475,0.422,0.106,-3.170061851458401,29/01/2026,Shade
226,G8,34.91627121,32.0252037,22/01/2026,0.069988251,0.8340069,0.044087704,0.8433765,0.8340069,0.9148363,3.191878,table_15_1774186061812407636,GREEN_white_led_ids,GREEN,0.81,0.03,0.1776,0.5442,0.136,-3.170061851458401,29/01/2026,White LED
228,G13,34.91625214,32.02519989,22/01/2026,0.088142395,0.81372637,0.06504539,0.8272674,0.81372637,0.9959194,3.485237,table_7_1774186061812404736,GREEN_Shade_ids,GREEN,0.57,0.03,0.1475,0.422,0.106,-3.170061851458401,29/01/2026,Shade
240,G10,34.91627121,32.02521896,04/01/2026,0.171821594,0.85430735,0.058404863,0.87306833,0.85430735,0.965427,3.374915,table_75_1774187719104787588,GREEN_white_led_ids,GREEN,1.99,0.03,0.2218,0.7207,0.18,-3.170061851458401,05/02/2026,White LED
238,G10,34.91626358,32.02522278,04/01/2026,0.173934937,0.84627396,0.05407225,0.85758483,0.84627396,0.95602024,3.340881,table_32_1774187719104773888,GREEN_white_led_ids,GREEN,1.99,0.03,0.2218,0.7207,0.18,-3.170061851458401,05/02/2026,White LED
224,G6,34.91627121,32.02520752,22/01/2026,0.066959381,0.8229214,0.061832264,0.8339592,0.8229214,0.88126755,3.070426,table_40_1774186061812414636,GREEN_white_led_ids,GREEN,0.43,0.03,0.2088,0.6699,0.167,-3.1941588223313637,29/01/2026,White LED
226,G6,34.91627121,32.0252037,22/01/2026,0.069988251,0.8262263,0.058948886,0.83470714,0.8262263,0.957114,3.3448384,table_28_1774186061812411436,GREEN_white_led_ids,GREEN,0.43,0.03,0.2088,0.6699,0.167,-3.1941588223313637,29/01/2026,White LED
240,G8,34.91627121,32.02521896,04/01/2026,0.171821594,0.84864354,0.049471464,0.8572381,0.84864354,0.997996,3.4927492,table_78_1774187719104789088,GREEN_white_led_ids,GREEN,1.96,0.03,0.2167,0.7025,0.176,-3.1941588223313637,05/02/2026,White LED
238,G8,34.91626358,32.02522278,04/01/2026,0.173934937,0.85274136,0.045282546,0.8565773,0.85274136,0.96420074,3.3704789,table_38_1774187719104776288,GREEN_white_led_ids,GREEN,1.96,0.03,0.2167,0.7025,0.176,-3.1941588223313637,05/02/2026,White LED
230,C10,34.91625977,32.02520752,22/01/2026,0.056735992,0.8041617,0.04554617,0.8137732,0.8041617,0.9135734,3.1873085,table_54_1774186061812426736,GREEN_Control_ids,GREEN,0.77,0.03,0.1586,0.4756,0.119,-3.2188508251806955,29/01/2026,Control-Sun
230,C6,34.91625977,32.02520752,22/01/2026,0.056735992,0.7997358,0.06614916,0.79896444,0.7997358,0.86689216,3.018416,table_50_1774186061812423536,GREEN_Control_ids,GREEN,0.73,0.03,0.1348,0.3783,0.095,-3.2188508251806955,29/01/2026,Control-Sun
229,C6,34.91627502,32.02522278,22/01/2026,0.06413269,0.81024766,0.06626604,0.813453,0.81024766,0.90406144,3.1528943,table_60_1774186061812428036,GREEN_Control_ids,GREEN,0.73,0.03,0.1348,0.3783,0.095,-3.2188508251806955,29/01/2026,Control-Sun
229,C10,34.91627502,32.02522278,22/01/2026,0.06413269,0.8100265,0.047118317,0.8181132,0.8100265,0.9008636,3.1413243,table_64_1774186061812428936,GREEN_Control_ids,GREEN,0.77,0.03,0.1586,0.4756,0.119,-3.2188508251806955,29/01/2026,Control-Sun
244,C7,34.91630554,32.02526855,04/01/2026,0.122257233,0.8339661,0.06060968,0.84590304,0.8339661,1.1108857,3.901185,table_46_1774187719104778988,GREEN_Control_ids,GREEN,1.62,0.03,0.1823,0.5704,0.143,-3.2188508251806955,05/02/2026,Control-Sun
240,G14,34.91627121,32.02521896,04/01/2026,0.171821594,0.8079383,0.050475217,0.811967,0.8079383,0.9720633,3.398925,table_66_1774187719104785388,GREEN_Shade_ids,GREEN,0.47,0.03,0.1743,0.5371,0.134,-3.2188508251806955,05/02/2026,Shade
242,C7,34.91627884,32.02523041,04/01/2026,0.121631622,0.8263328,0.057421748,0.8350091,0.8263328,0.9408076,3.2858417,table_6_1774187719104766588,GREEN_Control_ids,GREEN,1.62,0.03,0.1823,0.5704,0.143,-3.2188508251806955,05/02/2026,Control-Sun
238,G14,34.91626358,32.02522278,04/01/2026,0.173934937,0.8307431,0.04939402,0.8381742,0.8307431,0.9439103,3.2970676,table_26_1774187719104772388,GREEN_Shade_ids,GREEN,0.47,0.03,0.1743,0.5371,0.134,-3.2188508251806955,05/02/2026,Shade
230,C8,34.91625977,32.02520752,22/01/2026,0.056735992,0.8163001,0.055494316,0.8306736,0.8163001,0.97007334,3.3917255,table_52_1774186061812423936,GREEN_Control_ids,GREEN,0.71,0.03,0.1768,0.5514,0.138,-3.244167992155575,29/01/2026,Control-Sun
229,C8,34.91627502,32.02522278,22/01/2026,0.06413269,0.8223691,0.04938208,0.83195233,0.8223691,0.8978551,3.1304395,table_62_1774186061812428536,GREEN_Control_ids,GREEN,0.71,0.03,0.1768,0.5514,0.138,-3.244167992155575,29/01/2026,Control-Sun
240,G12,34.91627121,32.02521896,04/01/2026,0.171821594,0.77952796,0.072450384,0.7941224,0.77952796,1.0513009,3.685607,table_68_1774187719104785888,GREEN_Shade_ids,GREEN,0.76,0.03,0.1959,0.626,0.157,-3.244167992155575,05/02/2026,Shade
238,G12,34.91626358,32.02522278,04/01/2026,0.173934937,0.8028203,0.06135882,0.812809,0.8028203,0.8156696,2.8330925,table_31_1774187719104773688,GREEN_Shade_ids,GREEN,0.76,0.03,0.1959,0.626,0.157,-3.244167992155575,05/02/2026,Shade
169,C6,34.91621399,32.02515793,09/12/2025,0.166728973,0.82655036,0.045292877,0.82480776,0.82655036,1.0351179,3.6270564,table_23_1774174492452115112,GREEN_Control_ids,GREEN,0.18,0.03,0.1231,0.3403,0.085,-3.270142803812532,09/12/2025,Control-Sun
174,C6,34.91618347,32.0251503,09/12/2025,0.170677185,0.82828563,0.04153995,0.8279659,0.82828563,1.0338571,3.6224954,table_39_1774174492452120412,GREEN_Control_ids,GREEN,0.18,0.03,0.1231,0.3403,0.085,-3.270142803812532,09/12/2025,Control-Sun
173,C6,34.91621399,32.02516556,09/12/2025,0.168849945,0.8292651,0.04179865,0.8271962,0.8292651,1.0226965,3.582116,table_31_1774174492452117512,GREEN_Control_ids,GREEN,0.18,0.03,0.1231,0.3403,0.085,-3.270142803812532,09/12/2025,Control-Sun
168,C6,34.91623306,32.02518082,09/12/2025,0.177524567,0.82127523,0.039544355,0.8179203,0.82127523,1.0250398,3.5905943,table_7_1774174492452110212,GREEN_Control_ids,GREEN,0.18,0.03,0.1231,0.3403,0.085,-3.270142803812532,09/12/2025,Control-Sun
175,C6,34.91620636,32.02514648,09/12/2025,0.159690857,0.82988894,0.04350011,0.8293802,0.82988894,1.0221357,3.580087,table_15_1774174492452112712,GREEN_Control_ids,GREEN,0.18,0.03,0.1231,0.3403,0.085,-3.270142803812532,09/12/2025,Control-Sun
196,G6,34.91629028,32.02527237,29/12/2025,0.212306976,0.6225253,0.011978296,0.62269133,0.6225253,0.8928948,3.1124935,table_38_1774184724601153928,GREEN_white_led_ids,GREEN,1.84,0.03,0.1095,0.2889,0.072,-3.2968103396761093,31/12/2025,White LED
188,G6,34.91629028,32.02523041,29/12/2025,0.507305145,0.7644745,0.036645975,0.76927745,0.7644745,0.9838108,3.441427,table_51_1774184724601157229,GREEN_white_led_ids,GREEN,1.84,0.03,0.1095,0.2889,0.072,-3.2968103396761093,31/12/2025,White LED
187,G6,34.91627121,32.02519608,29/12/2025,0.462516785,0.81484485,0.03715506,0.81782794,0.81484485,0.8740003,3.0441332,table_4_1774184724601144128,GREEN_white_led_ids,GREEN,1.84,0.03,0.1095,0.2889,0.072,-3.2968103396761093,31/12/2025,White LED
205,G6,34.91628265,32.02517319,29/12/2025,0.461193085,0.8912166,0.051196724,0.8962502,0.8912166,1.0700599,3.7534766,table_16_1774184724601147728,GREEN_white_led_ids,GREEN,1.84,0.03,0.1095,0.2889,0.072,-3.2968103396761093,31/12/2025,White LED
173,G6,34.91621399,32.02516556,09/12/2025,0.168849945,0.8285041,0.03561803,0.8279971,0.8285041,1.0325239,3.6176717,table_27_1774174492452116212,GREEN_white_led_ids,GREEN,0.37,0.03,0.1512,0.4618,0.115,-3.324208563134045,09/12/2025,White LED
174,G6,34.91618347,32.0251503,09/12/2025,0.170677185,0.8298126,0.037968233,0.8306408,0.8298126,1.0187442,3.5678165,table_35_1774174492452119212,GREEN_white_led_ids,GREEN,0.37,0.03,0.1512,0.4618,0.115,-3.324208563134045,09/12/2025,White LED
169,G6,34.91621399,32.02515793,09/12/2025,0.166728973,0.8330874,0.035785533,0.8332933,0.8330874,1.0290157,3.6049786,table_19_1774174492452114112,GREEN_white_led_ids,GREEN,0.37,0.03,0.1512,0.4618,0.115,-3.324208563134045,09/12/2025,White LED
168,G6,34.91623306,32.02518082,09/12/2025,0.177524567,0.83356005,0.038834795,0.83282495,0.83356005,1.0503538,3.68218,table_3_1774174492452109112,GREEN_white_led_ids,GREEN,0.37,0.03,0.1512,0.4618,0.115,-3.324208563134045,09/12/2025,White LED
175,G6,34.91620636,32.02514648,09/12/2025,0.159690857,0.83248526,0.03598387,0.8330842,0.83248526,1.0207083,3.5749228,table_11_1774174492452111412,GREEN_white_led_ids,GREEN,0.37,0.03,0.1512,0.4618,0.115,-3.324208563134045,09/12/2025,White LED
227,G12,34.91625214,32.02519989,22/01/2026,0.077987671,0.79426044,0.044361353,0.80755585,0.79426044,0.9065653,3.1619532,table_71_1774186061812431036,GREEN_Shade_ids,GREEN,0.62,0.03,0.1768,0.5643,0.141,-3.324208563134045,29/01/2026,Shade
228,G12,34.91625214,32.02519989,22/01/2026,0.088142395,0.855529,0.05404644,0.8711083,0.855529,1.0447923,3.6620586,table_6_1774186061812404536,GREEN_Shade_ids,GREEN,0.62,0.03,0.1768,0.5643,0.141,-3.324208563134045,29/01/2026,Shade
178,C6,34.91627502,32.0252037,23/12/2025,0.299739838,0.89315194,0.048176788,0.90084606,0.89315194,1.0116953,3.5423136,table_15_1774178176226639742,GREEN_Control_ids,GREEN,2.96,0.03,0.1286,0.3738,0.093,-3.352378646472307,25/12/2025,Control-Sun
173,G11,34.91621399,32.02516556,09/12/2025,0.168849945,0.8346773,0.05489754,0.8477539,0.8346773,0.99456567,3.4803386,table_29_1774174492452116912,GREEN_Shade_ids,GREEN,0.37,0.03,0.1574,0.4992,0.125,-3.411217414944481,09/12/2025,Shade
174,G1,34.91618347,32.0251503,09/12/2025,0.170677185,0.83107555,0.042106494,0.8329606,0.83107555,1.0467613,3.6691825,table_33_1774174492452118612,GREEN_white_blue_led_ids,GREEN,0.72,0.03,0.1561,0.4924,0.123,-3.411217414944481,09/12/2025,White+Blue LED
174,G11,34.91618347,32.0251503,09/12/2025,0.170677185,0.83443695,0.04456837,0.84475464,0.83443695,0.9815588,3.4332795,table_37_1774174492452119812,GREEN_Shade_ids,GREEN,0.37,0.03,0.1574,0.4992,0.125,-3.411217414944481,09/12/2025,Shade
169,G11,34.91621399,32.02515793,09/12/2025,0.166728973,0.82842666,0.04659572,0.83819544,0.82842666,1.0013441,3.5048633,table_21_1774174492452114612,GREEN_Shade_ids,GREEN,0.37,0.03,0.1574,0.4992,0.125,-3.411217414944481,09/12/2025,Shade
173,G1,34.91621399,32.02516556,09/12/2025,0.168849945,0.8347206,0.039071117,0.83255225,0.8347206,1.046549,3.6684146,table_25_1774174492452115612,GREEN_white_blue_led_ids,GREEN,0.72,0.03,0.1561,0.4924,0.123,-3.411217414944481,09/12/2025,White+Blue LED
168,G1,34.91623306,32.02518082,09/12/2025,0.177524567,0.8347848,0.042716656,0.8357835,0.8347848,1.0505619,3.6829329,table_1_1774174492452108312,GREEN_white_blue_led_ids,GREEN,0.72,0.03,0.1561,0.4924,0.123,-3.411217414944481,09/12/2025,White+Blue LED
168,G11,34.91623306,32.02518082,09/12/2025,0.177524567,0.8440383,0.039780453,0.85064703,0.8440383,0.9992706,3.4973612,table_5_1774174492452109612,GREEN_Shade_ids,GREEN,0.37,0.03,0.1574,0.4992,0.125,-3.411217414944481,09/12/2025,Shade
175,G11,34.91620636,32.02514648,09/12/2025,0.159690857,0.843009,0.048571073,0.8555869,0.843009,0.9910762,3.4677134,table_13_1774174492452112012,GREEN_Shade_ids,GREEN,0.37,0.03,0.1574,0.4992,0.125,-3.411217414944481,09/12/2025,Shade
169,G1,34.91621399,32.02515793,09/12/2025,0.166728973,0.83289397,0.039426725,0.8320337,0.83289397,1.0573006,3.7073135,table_17_1774174492452113412,GREEN_white_blue_led_ids,GREEN,0.72,0.03,0.1561,0.4924,0.123,-3.411217414944481,09/12/2025,White+Blue LED
175,G1,34.91620636,32.02514648,09/12/2025,0.159690857,0.83129746,0.037847992,0.83016515,0.83129746,1.0402417,3.6455946,table_9_1774174492452110812,GREEN_white_blue_led_ids,GREEN,0.72,0.03,0.1561,0.4924,0.123,-3.411217414944481,09/12/2025,White+Blue LED
178,G6,34.91627502,32.0252037,23/12/2025,0.299739838,0.88703114,0.042580996,0.89422035,0.88703114,0.9674137,3.3821027,table_7_1774178176226637342,GREEN_white_led_ids,GREEN,1.49,0.03,0.1135,0.323,0.081,-3.411217414944481,25/12/2025,White LED
