label_name,bbox_x,bbox_y,bbox_width,bbox_height,image_name,image_width,image_height,huePlantMean,satPlantMean,valPlantMean,huePlantStd,satPlantStd,valPlantStd,huePlantMedian,satPlantMedian,valPlantMedian,category,Lettuce color,Leaf sample weight (mg),Sample disc weight (g),Anthocyanins OD-530 nm,Chlorophyll OD-657 nm,Chlorophyll interference,Anthocyanin,DATE,Illumination
G3,429,1167,982,947,20251203_124642.jpg,1800,4000,0.255632582,0.456370106,0.449286023,0.02737978,0.086533991,0.090022985,0.257309942,0.453125,0.454901961,GREEN_white_blue_led_ids,GREEN,0.31,0.03,0.147,0.0809,0.02,0.127,2025-12-05,White+Blue LED
R1,254,1360,947,930,20251203_122043.jpg,1800,4000,0.177196615,0.150451917,0.22364249,0.100348307,0.10425353,0.080434807,0.1875,0.134615385,0.219607843,RED_white_blue_led_ids,RED,0.22,0.03,0.7162,0.107,0.027,0.689,2025-12-05,White+Blue LED
R2,412,1509,895,746,20251203_122216.jpg,1800,4000,0.162255322,0.135927043,0.244470044,0.075831411,0.076026684,0.078611775,0.166666667,0.125,0.239215686,RED_white_blue_led_ids,RED,0.17,0.03,0.9472,0.1053,0.026,0.921,2025-12-05,White+Blue LED
R3,306,1158,1044,904,20251203_122258.jpg,1800,4000,0.196137933,0.137064454,0.218003649,0.108111351,0.100125991,0.072636523,0.194444444,0.119402985,0.215686275,RED_white_blue_led_ids,RED,0.28,0.03,0.5231,0.1204,0.03,0.493,2025-12-05,White+Blue LED
R5,447,1228,1158,1281,20251203_122737.jpg,1800,4000,0.208019655,0.234954205,0.254491511,0.157512495,0.139125453,0.053331731,0.19047619,0.231884058,0.247058824,RED_white_blue_led_ids,RED,0.22,0.03,0.8803,0.1148,0.029,0.852,2025-12-05,White+Blue LED
R7,359,1140,965,1009,20251203_123057.jpg,1800,4000,0.172622101,0.217204439,0.249418123,0.089375123,0.115415754,0.056945004,0.185185185,0.202702703,0.243137255,RED_white_led_ids,RED,0.17,0.03,0.4376,0.1128,0.028,0.409,2025-12-05,White LED
R8,78,675,1570,1193,20251203_123121.jpg,1800,4000,0.170789447,0.204187993,0.282576908,0.102002262,0.107282442,0.069172101,0.166666667,0.19047619,0.282352941,RED_white_led_ids,RED,0.19,0.03,1.021,0.0999,0.025,0.996,2025-12-05,White LED
R9,219,1474,1123,1061,20251203_123150.jpg,1800,4000,0.141721257,0.12486228,0.279857685,0.222548093,0.054857117,0.069005767,0.083333333,0.117647059,0.282352941,RED_white_led_ids,RED,0.22,0.03,0.8077,0.0893,0.022,0.785,2025-12-05,White LED
R10,1798,370,1316,1163,20251203_123214.jpg,4000,1800,0.142531744,0.190747908,0.260779371,0.142412031,0.082587486,0.078054822,0.125,0.185185185,0.250980392,RED_white_led_ids,RED,0.15,0.03,0.8298,0.0927,0.023,0.807,2025-12-05,White LED
R11,324,1000,1149,1061,20251203_123519.jpg,1800,4000,0.186113194,0.423599284,0.334026598,0.030223174,0.142450661,0.056283178,0.1875,0.436781609,0.333333333,RED_Shade_ids,RED,0.18,0.03,0.5975,0.0988,0.025,0.573,2025-12-05,Shade
R12,412,1079,1289,1132,20251203_123540.jpg,1800,4000,0.172189481,0.317966366,0.319284602,0.058390584,0.134502673,0.058929273,0.182539683,0.298076923,0.317647059,RED_Shade_ids,RED,0.23,0.03,0.3081,0.0959,0.024,0.284,2025-12-05,Shade
R13,210,1009,1053,1061,20251203_123604.jpg,1800,4000,0.19385995,0.386354887,0.306542548,0.047904665,0.130297324,0.053781049,0.19858156,0.378787879,0.301960784,RED_Shade_ids,RED,0.19,0.03,0.3898,0.0959,0.024,0.366,2025-12-05,Shade
R14,517,1211,965,965,20251203_123625.jpg,1800,4000,0.207567879,0.208392856,0.443592081,0.191642528,0.102755617,0.07856815,0.186868687,0.198630137,0.42745098,RED_Shade_ids,RED,0.25,0.03,0.3802,0.1018,0.025,0.355,2025-12-05,Shade
R15,403,1053,1228,1333,20251203_123652.jpg,1800,4000,0.153556887,0.40752527,0.298943803,0.047408263,0.186893415,0.052359302,0.161458333,0.377777778,0.290196078,RED_Shade_ids,RED,0.18,0.03,0.3379,0.0978,0.024,0.313,2025-12-05,Shade
G1,1600,421,1093,1003,20251203_124511.jpg,4000,1800,0.246768561,0.508613531,0.463598129,0.016243754,0.087517301,0.068336841,0.248717949,0.5,0.466666667,GREEN_white_blue_led_ids,GREEN,0.3,0.03,0.1833,0.0969,0.024,0.159,2025-12-05,White+Blue LED
G2,306,1526,1026,912,20251203_124620.jpg,1800,4000,0.24505389,0.471271914,0.490727489,0.018768793,0.089384279,0.075282172,0.246666667,0.4609375,0.48627451,GREEN_white_blue_led_ids,GREEN,0.12,0.03,0.1172,0.0677,0.017,0.1,2025-12-05,White+Blue LED
C6,227,1395,1526,1421,20251203_130719.jpg,1800,4000,0.220099925,0.714592522,0.532000028,0.017469233,0.101033131,0.07422015,0.21875,0.72,0.541176471,GREEN_Control_ids,GREEN,0.55,0.03,0.1359,0.0744,0.019,0.117,2025-12-05,Control-Sun
C4,1932,440,843,824,20251203_130434.jpg,4000,1800,0.09099226,0.221665924,0.281177479,0.099973371,0.073858118,0.081710696,0.078947368,0.214285714,0.266666667,RED_Control_ids,RED,0.2,0.03,1.0048,0.1252,0.031,0.974,2025-12-05,Control-Sun
C3,2085,504,927,895,20251203_130415.jpg,4000,1800,0.121233223,0.253698286,0.289708656,0.066505515,0.093753308,0.077194555,0.125,0.242424242,0.274509804,RED_Control_ids,RED,0.24,0.03,0.8348,0.1194,0.03,0.805,2025-12-05,Control-Sun
C2,482,1544,1026,1044,20251203_130355.jpg,1800,4000,0.118880839,0.20996622,0.291770048,0.178414043,0.077032054,0.079541953,0.083333333,0.204819277,0.290196078,RED_Control_ids,RED,0.22,0.03,0.683,0.0735,0.018,0.665,2025-12-05,Control-Sun
C1,657,1702,719,728,20251203_130324.jpg,1800,4000,0.095778019,0.220772507,0.303674644,0.059625273,0.069998903,0.077573918,0.090909091,0.211764706,0.298039216,RED_Control_ids,RED,0.23,0.03,0.6346,0.0947,0.024,0.611,2025-12-05,Control-Sun
C10,43,1044,1430,1263,20251203_130843.jpg,1800,4000,0.228417116,0.625229756,0.530984552,0.017596906,0.094694943,0.07755796,0.227083333,0.614379085,0.549019608,GREEN_Control_ids,GREEN,0.33,0.03,0.2007,0.1075,0.027,0.174,2025-12-05,Control-Sun
G15,1727,267,1118,1150,20251203_130124.jpg,4000,1800,0.228879269,0.665625468,0.536736719,0.017213619,0.114600944,0.066214924,0.230902778,0.657657658,0.545098039,GREEN_Shade_ids,GREEN,0.2,0.03,0.1185,0.0635,0.016,0.103,2025-12-05,Shade
G13,1798,261,1118,1316,20251203_130048.jpg,4000,1800,0.218694641,0.718556678,0.530332694,0.019499945,0.121848572,0.062339582,0.222222222,0.72972973,0.533333333,GREEN_Shade_ids,GREEN,0.17,0.03,0.1169,0.0625,0.016,0.101,2025-12-05,Shade
G12,78,1316,1368,1386,20251203_130023.jpg,1800,4000,0.221304558,0.778572266,0.496243645,0.015581588,0.101652065,0.081637201,0.222713864,0.798319328,0.494117647,GREEN_Shade_ids,GREEN,0.37,0.03,0.138,0.0803,0.02,0.118,2025-12-05,Shade
G11,201,1132,1599,1439,20251203_130004.jpg,1800,4000,0.233567142,0.6980125,0.514845509,0.01925618,0.10596176,0.080746899,0.233333333,0.698630137,0.525490196,GREEN_Shade_ids,GREEN,0.26,0.03,0.129,0.0726,0.018,0.111,2025-12-05,Shade
G5,1651,261,1061,1150,20251203_124731.jpg,4000,1800,0.242552928,0.469640034,0.465100425,0.022770747,0.098251615,0.082417624,0.245762712,0.455445545,0.462745098,GREEN_white_blue_led_ids,GREEN,0.38,0.03,0.1606,0.0944,0.024,0.137,2025-12-05,White+Blue LED
G4,298,1254,1079,1044,20251203_124702.jpg,1800,4000,0.255929329,0.470830933,0.507089,0.021482257,0.0940517,0.076879733,0.258706468,0.450704225,0.51372549,GREEN_white_blue_led_ids,GREEN,0.32,0.03,0.1635,0.0888,0.022,0.141,2025-12-05,White+Blue LED
C9,52,982,1640,1439,20251203_130828.jpg,1800,4000,0.227648587,0.684686623,0.525167991,0.017922469,0.113908179,0.080382352,0.227699531,0.682758621,0.541176471,GREEN_Control_ids,GREEN,0.33,0.03,0.1504,0.08,0.02,0.13,2025-12-05,Control-Sun
G14,1555,280,1335,1163,20251203_130106.jpg,4000,1800,0.22726611,0.688676512,0.562780095,0.014188397,0.107103484,0.063722086,0.227891156,0.682119205,0.57254902,GREEN_Shade_ids,GREEN,0.18,0.03,0.1072,0.0611,0.015,0.092,2025-12-05,Shade
C7,412,1430,1388,1500,20251203_130748.jpg,1800,4000,0.221606734,0.734127143,0.491576777,0.022549244,0.105440718,0.086297799,0.219887955,0.733333333,0.505882353,GREEN_Control_ids,GREEN,0.44,0.03,0.1359,0.0915,0.023,0.113,2025-12-05,Control-Sun
C8,254,1360,1298,1377,20251203_130814.jpg,1800,4000,0.22397422,0.66082324,0.555982517,0.020725079,0.088194582,0.079173524,0.223856209,0.650306748,0.568627451,GREEN_Control_ids,GREEN,0.23,0.03,0.1447,0.0786,0.02,0.125,2025-12-05,Control-Sun
R5,219,50,1698,1517,20251207_141906.jpg,2992,2992,0.1375762056068254,0.3642247788033957,0.2415347543498912,0.0492828625638711,0.1248291985382418,0.0528924946494436,0.1416666666666667,0.3698630136986301,0.2431372549019607,RED_white_blue_led_ids,RED,0.27,0.03,0.5661,0.7224,0.181,0.386,2025-12-09,White+Blue LED
R14,54,486,1657,1508,20251207_145219.jpg,2992,2992,0.1668697952411095,0.8487287740382382,0.2901389426886674,0.019226420192493,0.1854758716883255,0.0768782243372233,0.1695906432748538,0.9375,0.2901960784313725,RED_Shade_ids,RED,0.21,0.03,0.3723,0.6947,0.174,0.199,2025-12-09,Shade
R15,359,0,1648,1442,20251207_145303.jpg,2992,2992,0.1566565484258959,0.8214710481143025,0.2742996832145667,0.0297514402165845,0.2225921714379991,0.0779617202632515,0.1641414141414141,0.9444444444444444,0.2666666666666666,RED_Shade_ids,RED,0.28,0.03,0.4984,0.7101,0.178,0.321,2025-12-09,Shade
G11,293,58,1772,2242,20251207_145551.jpg,2992,2992,0.1946067075874325,0.968751604704295,0.4197457129549041,0.0188616409610509,0.0880197059485756,0.0644530800862401,0.1898148148148148,1.0,0.4235294117647059,GREEN_Shade_ids,GREEN,0.37,0.03,0.1574,0.4992,0.125,0.033,2025-12-09,Shade
G12,227,82,1813,1888,20251207_145825.jpg,2992,2992,0.1915354512804921,0.9743216839118088,0.412697001571076,0.0168719003851319,0.0779691100973,0.0715580901017524,0.1908831908831908,1.0,0.4196078431372549,GREEN_Shade_ids,GREEN,0.23,0.03,0.1262,0.3416,0.085,0.041,2025-12-09,Shade
G13,318,198,2118,1962,20251207_145911.jpg,2992,2992,0.194364498726588,0.9707528696540204,0.4427942103474737,0.0168524649312649,0.0795150735922686,0.0778047226165415,0.1907051282051282,1.0,0.4470588235294117,GREEN_Shade_ids,GREEN,0.61,0.03,0.1371,0.4183,0.105,0.033,2025-12-09,Shade
G14,104,0,2052,2118,20251207_150011.jpg,2992,2992,0.1917364763107008,0.9683902101476232,0.4875736915056696,0.0144888880517261,0.0829931453866066,0.0692928483382252,0.1888888888888888,1.0,0.4980392156862745,GREEN_Shade_ids,GREEN,0.27,0.03,0.151,0.4341,0.109,0.042,2025-12-09,Shade
G15,244,338,1838,1986,20251207_150059.jpg,2992,2992,0.1907787253687566,0.9892998766737652,0.3769155482491105,0.0166820493582207,0.0474222167902259,0.0633041591609638,0.1888888888888888,1.0,0.3803921568627451,GREEN_Shade_ids,GREEN,0.25,0.03,0.1385,0.4195,0.105,0.034,2025-12-09,Shade
C1,549,379,1500,1508,20251207_150459.jpg,2992,2992,0.1214737817145325,0.7158777169751445,0.287638607431092,0.0268212355876869,0.1931526995129373,0.0906547999403407,0.1202185792349726,0.6842105263157895,0.2941176470588235,RED_Control_ids,RED,0.23,0.03,0.5577,0.6355,0.159,0.399,2025-12-09,Control-Sun
C2,62,371,2019,1797,20251207_150611.jpg,2992,2992,0.1052845047491469,0.6594177048636959,0.30411774350118,0.0196658333913223,0.1969982996851111,0.0994284736922541,0.1031746031746031,0.6129032258064516,0.3137254901960784,RED_Control_ids,RED,0.25,0.03,0.7991,0.662,0.166,0.634,2025-12-09,Control-Sun
C3,400,264,1838,1764,20251207_150705.jpg,2992,2992,0.1170822218979846,0.7114929879083036,0.2489358088201035,0.0202016558321146,0.2049005953969179,0.0841659399815454,0.119047619047619,0.676923076923077,0.2509803921568627,RED_Control_ids,RED,0.28,0.03,0.5859,0.6995,0.175,0.411,2025-12-09,Control-Sun
C4,442,462,1640,1591,20251207_150755.jpg,2992,2992,0.0976245837192559,0.7185934626275914,0.2239483639531265,0.0244010694657198,0.2035253448434764,0.0765803286444103,0.09375,0.7115384615384615,0.2156862745098039,RED_Control_ids,RED,0.2,0.03,0.8798,0.703,0.176,0.704,2025-12-09,Control-Sun
C5,211,140,1929,1879,20251207_150851.jpg,2992,2992,0.1113918272586247,0.6564774013945482,0.2713892227717957,0.0303058260690832,0.2165628767965056,0.089452747322499,0.1122448979591836,0.6136363636363636,0.2784313725490196,RED_Control_ids,RED,0.21,0.03,1.0127,0.5168,0.129,0.884,2025-12-09,Control-Sun
C6,499,74,1838,1797,20251207_151126.jpg,2992,2992,0.1827661118365557,0.973928848700316,0.4179193184561418,0.0163983158581717,0.0756449583162152,0.0780908224244873,0.1791666666666666,1.0,0.4235294117647059,GREEN_Control_ids,GREEN,0.18,0.03,0.1231,0.3403,0.085,0.038,2025-12-09,Control-Sun
C7,21,322,1756,1789,20251207_151213.jpg,2992,2992,0.1859152625680741,0.9493199671807264,0.3964883845568394,0.0181807534276035,0.1007326861016444,0.0837672531601816,0.1797101449275362,1.0,0.403921568627451,GREEN_Control_ids,GREEN,0.28,0.03,0.1236,0.3673,0.092,0.032,2025-12-09,Control-Sun
C8,153,577,1723,1648,20251207_151303.jpg,2992,2992,0.1878450061699136,0.9622492516010138,0.417695924867522,0.0172994332734874,0.0791629722828276,0.0865880112618417,0.1830601092896174,1.0,0.4313725490196078,GREEN_Control_ids,GREEN,0.31,0.03,0.1533,0.4573,0.114,0.039,2025-12-09,Control-Sun
R12,384,17,1681,1789,20251207_145032.jpg,2992,2992,0.1737654615441333,0.881275735305429,0.2789942058018166,0.0220326468632723,0.1681962600447103,0.0875922859154424,0.1733333333333333,1.0,0.2901960784313725,RED_Shade_ids,RED,0.26,0.03,0.351,0.7063,0.177,0.292,2025-12-09,Shade
R4,252,190,1525,1533,20251207_141839.jpg,2992,2992,0.1274166501543508,0.3799725820441545,0.2424467967467541,0.0493730472143833,0.1187032640325568,0.049428504916525,0.1222222222222222,0.3793103448275862,0.2431372549019607,RED_white_blue_led_ids,RED,0.26,0.03,0.6931,0.7705,0.193,0.5,2025-12-09,White+Blue LED
R11,351,50,1599,1673,20251207_144921.jpg,2992,2992,0.1730599928710132,0.8620623599692748,0.2671415504706764,0.0160425035451629,0.1723297933831329,0.0672825045940674,0.173469387755102,0.9558823529411764,0.2666666666666666,RED_Shade_ids,RED,0.28,0.03,0.3036,0.5977,0.149,0.202,2025-12-09,Shade
G9,29,379,2077,1789,20251207_144545.jpg,2992,2992,0.1937027177281077,0.9441225419870254,0.3833503574961038,0.021731131555827,0.1143154461965714,0.0790779918707395,0.1870748299319727,1.0,0.392156862745098,GREEN_white_led_ids,GREEN,0.27,0.03,0.1345,0.3986,0.1,0.035,2025-12-09,White LED
R2,0,99,1538,1657,20251207_141728.jpg,2992,2992,0.1321962692148129,0.6603752879536342,0.1821010732809273,0.0309521040112068,0.2694413472974093,0.0709571542284286,0.1333333333333333,0.6764705882352942,0.1803921568627451,RED_white_blue_led_ids,RED,0.16,0.03,0.6154,0.6725,0.168,0.447,2025-12-09,White+Blue LED
R1,186,140,1747,1418,20251207_141612.jpg,2992,2992,0.1572569402423519,0.7603324913138124,0.2171899232147842,0.0200627561836737,0.2296655553588501,0.0661414386992732,0.1589147286821705,0.8028169014084507,0.2196078431372549,RED_white_blue_led_ids,RED,0.27,0.03,0.5207,0.7561,0.189,0.332,2025-12-09,White+Blue LED
G1,491,50,1681,1739,20251207_142441.jpg,2992,2992,0.216318796452795,0.8375139530381679,0.3355814781838391,0.0242528920153019,0.1591219550350324,0.0804094630642256,0.2156862745098039,0.8673469387755103,0.3450980392156862,GREEN_white_blue_led_ids,GREEN,0.72,0.03,0.1561,0.4924,0.123,0.033,2025-12-09,White+Blue LED
G2,351,387,1657,1665,20251207_142615.jpg,2992,2992,0.2090660722893007,0.7464873271135867,0.3539895996883675,0.0195314554809183,0.1488693370612602,0.0652280850542818,0.2067901234567901,0.7310924369747899,0.3568627450980392,GREEN_white_blue_led_ids,GREEN,0.27,0.03,0.1625,0.4995,0.125,0.038,2025-12-09,White+Blue LED
G3,433,0,1484,1475,20251207_142834.jpg,2992,2992,0.2088301069209265,0.8134625359893388,0.3658029475146804,0.0191849519004184,0.1514853091919988,0.0664272194895095,0.2071428571428571,0.8137254901960784,0.3686274509803922,GREEN_white_blue_led_ids,GREEN,0.4,0.03,0.1741,0.5582,0.14,0.035,2025-12-09,White+Blue LED
G4,46,585,1401,1385,20251207_142946.jpg,2992,2992,0.1982989342663755,0.8978072290089416,0.3205824099387935,0.0196797193957393,0.1509980354423249,0.0672415393131341,0.1941391941391941,1.0,0.3294117647058823,GREEN_white_blue_led_ids,GREEN,0.61,0.03,0.1773,0.5863,0.147,0.031,2025-12-09,White+Blue LED
G5,359,33,1500,1418,20251207_143054.jpg,2992,2992,0.1976116467439384,0.7419618949865743,0.3141920932560897,0.0181518093986387,0.1140799209954906,0.0614626219293551,0.1944444444444444,0.746268656716418,0.3176470588235294,GREEN_white_blue_led_ids,GREEN,0.6,0.03,0.1895,0.6289,0.157,0.032,2025-12-09,White+Blue LED
R6,747,256,1245,1253,20251207_143358.jpg,2992,2992,0.1075253606483638,0.3102375988659788,0.2451482172503931,0.0372377815586964,0.0898935642176891,0.0518978625984951,0.111111111111111,0.2985074626865671,0.2431372549019607,RED_white_led_ids,RED,0.2,0.03,0.5122,0.4783,0.12,0.393,2025-12-09,White LED
R7,409,115,1591,1566,20251207_143452.jpg,2992,2992,0.1291987719394077,0.5972714136931291,0.2568725155968284,0.0239024114038238,0.2091920361568183,0.0798217813078226,0.1271929824561403,0.5606060606060607,0.2627450980392157,RED_white_led_ids,RED,0.25,0.03,0.5503,0.8727,0.218,0.332,2025-12-09,White LED
R8,0,0,2057,1665,20251207_143606.jpg,2992,2992,0.146630431691622,0.6395933980332918,0.2450969181035979,0.0228777065953309,0.2320786692651539,0.0757631188503104,0.1464646464646465,0.6296296296296297,0.2431372549019607,RED_white_led_ids,RED,0.76,0.03,0.4176,0.7953,0.199,0.219,2025-12-09,White LED
R9,219,41,1657,1599,20251207_143703.jpg,2992,2992,0.1031789851681994,0.305320869059827,0.3152426347102534,0.0263399108379479,0.0764018672642533,0.0542997260597214,0.1041666666666666,0.3090909090909091,0.3215686274509803,RED_white_led_ids,RED,0.27,0.03,0.4936,0.7913,0.198,0.296,2025-12-09,White LED
R10,161,272,1673,1492,20251207_143753.jpg,2992,2992,0.1316804843138419,0.5891173725374923,0.2054294163021698,0.0291780788087698,0.2215966107142317,0.0709968330316079,0.1333333333333333,0.5538461538461539,0.2078431372549019,RED_white_led_ids,RED,0.31,0.03,0.4782,0.8527,0.213,0.265,2025-12-09,White LED
G6,104,99,1830,1962,20251207_144122.jpg,2992,2992,0.1979963777689375,0.9173757424261,0.370499737662767,0.0216305783714191,0.1272050714019012,0.0847122447136364,0.1935483870967741,1.0,0.3803921568627451,GREEN_white_led_ids,GREEN,0.37,0.03,0.1512,0.4618,0.115,0.036,2025-12-09,White LED
G7,285,140,1888,1879,20251207_144357.jpg,2992,2992,0.2009574560265579,0.9226102256753724,0.3544664825674014,0.0228494509071912,0.1267654923594074,0.0901833786804539,0.1964912280701754,1.0,0.3647058823529411,GREEN_white_led_ids,GREEN,0.31,0.03,0.1854,0.5649,0.141,0.044,2025-12-09,White LED
G8,392,17,2011,1871,20251207_144451.jpg,2992,2992,0.2009389481049026,0.9496653954075562,0.3580023340156616,0.0223006944511427,0.094993737280763,0.0766048879795249,0.1994949494949494,1.0,0.3686274509803922,GREEN_white_led_ids,GREEN,0.74,0.03,0.1327,0.3839,0.096,0.037,2025-12-09,White LED
G10,5,214,1731,1805,20251207_144636.jpg,2992,2992,0.1887580261555242,0.958323880605972,0.4189020453602191,0.0184379592291955,0.1041572225457193,0.0843895524454463,0.183080808080808,1.0,0.4274509803921568,GREEN_white_led_ids,GREEN,0.34,0.03,0.1494,0.4207,0.105,0.044,2025-12-09,White LED
R3,425,132,1599,1484,20251207_141814.jpg,2992,2992,0.1435978615644795,0.5728658005984718,0.1619164764327054,0.02999874582961,0.2281379540013864,0.0615780182358819,0.1439393939393939,0.543859649122807,0.1607843137254901,RED_white_blue_led_ids,RED,0.13,0.03,0.8439,0.4231,0.106,0.738,2025-12-09,White+Blue LED
R13,260,330,1616,1616,20251207_145122.jpg,2992,2992,0.1673333402565479,0.8432159560301912,0.2372433875999614,0.0184830131214208,0.194164862628215,0.0758632178625362,0.169047619047619,0.9464285714285714,0.2392156862745098,RED_Shade_ids,RED,0.28,0.03,0.469,0.8322,0.208,0.164,2025-12-09,Shade
C10,260,585,1805,1681,20251207_151445.jpg,2992,2992,0.1826559281030321,0.9688506857639532,0.4367436449297747,0.0169924498471257,0.0833104211315587,0.0847282470077659,0.1768707482993197,1.0,0.4549019607843137,GREEN_Control_ids,GREEN,0.3,0.03,0.1542,0.4561,0.114,0.04,2025-12-09,Control-Sun
C9,194,58,2110,1970,20251207_151405.jpg,2992,2992,0.1810570393879113,0.9834687782847028,0.4419875105779757,0.0146941727524855,0.0562372087141909,0.0750496395917742,0.1778711484593837,1.0,0.4509803921568627,GREEN_Control_ids,GREEN,0.31,0.03,0.1206,0.3526,0.088,0.032,2025-12-09,Control-Sun
C9,13,0,2778,2489,20251216_123908.jpg,2992,2992,0.2086823866555176,0.9753018806299428,0.4143355179989173,0.0237800570928077,0.0881322695102556,0.1096444573814247,0.20578231292517,1.0,0.4196078431372549,GREEN_Control_ids,GREEN,0.67,0.03,0.1455,0.3441,0.086,0.059,2025-12-17,Control-Sun
R15,5,0,2407,2440,20251216_122508.jpg,2992,2992,0.1793817430686987,0.8563086643329791,0.3079700563917914,0.0191590658604742,0.2058723404747759,0.0917294165252935,0.1766381766381766,1.0,0.3019607843137254,RED_Shade_ids,RED,0.45,0.03,0.3403,0.5243,0.131,0.209,2025-12-17,Shade
R1,46,0,2390,2160,20251216_120226.jpg,2992,2992,0.1053766415050019,0.4663384661166445,0.295477681665406,0.0306075602206565,0.2497082427643084,0.0923573694464284,0.0972222222222222,0.4186046511627907,0.2941176470588235,RED_white_blue_led_ids,RED,0.42,0.03,0.3447,0.4428,0.111,0.234,2025-12-17,White+Blue LED
G11,0,8,2989,2522,20251216_122733.jpg,2992,2992,0.2157455439284937,0.9675006262753691,0.4207560269867225,0.0377585820480868,0.0985931713288546,0.1240108240086927,0.20625,1.0,0.4352941176470588,GREEN_Shade_ids,GREEN,0.88,0.03,0.1282,0.3164,0.079,0.049,2025-12-17,Shade
G12,137,17,2539,2333,20251216_122759.jpg,2992,2992,0.2173322066358309,0.9357696161696564,0.499155901836661,0.024257236879438,0.1176241868393692,0.0976063998504038,0.2161016949152542,1.0,0.4941176470588235,GREEN_Shade_ids,GREEN,0.72,0.03,0.1259,0.3516,0.088,0.038,2025-12-17,Shade
G13,392,643,2415,2349,20251216_122823.jpg,2992,2992,0.2189617683960664,0.9396512506583464,0.442308660746762,0.028471164647369,0.115809411518335,0.1069099726133154,0.2142857142857142,1.0,0.4509803921568627,GREEN_Shade_ids,GREEN,0.76,0.03,0.1122,0.2965,0.074,0.038,2025-12-17,Shade
G14,46,338,2399,1953,20251216_122902.jpg,2992,2992,0.2143760831453147,0.9331628522060312,0.4194600087577189,0.0247080329027999,0.1207394068525557,0.1020514627258603,0.2140151515151515,1.0,0.4235294117647059,GREEN_Shade_ids,GREEN,0.49,0.03,0.1265,0.3537,0.088,0.038,2025-12-17,Shade
G15,46,0,2946,2514,20251216_123001.jpg,2992,2992,0.2092358733190262,0.9473772681436952,0.4005160548689016,0.0317472331058445,0.1154465564656374,0.113321739938658,0.203125,1.0,0.4196078431372549,GREEN_Shade_ids,GREEN,0.7,0.03,0.1363,0.3911,0.098,0.039,2025-12-17,Shade
C1,5,17,2934,2440,20251216_123311.jpg,2992,2992,0.1121674134138684,0.6047788679673428,0.3029926565989722,0.0299839307743868,0.2735921023602365,0.1073035475271051,0.1037735849056603,0.573529411764706,0.2980392156862745,RED_Control_ids,RED,0.38,0.03,0.4537,0.3259,0.081,0.372,2025-12-17,Control-Sun
R14,203,0,2761,2555,20251216_122439.jpg,2992,2992,0.1869792465507503,0.8008962443936622,0.4126351362008809,0.018267239046509,0.2237105169833232,0.0921452469547565,0.1825396825396825,0.8924731182795698,0.403921568627451,RED_Shade_ids,RED,0.57,0.03,0.3571,0.5738,0.143,0.214,2025-12-17,Shade
C3,178,41,2283,2407,20251216_123406.jpg,2992,2992,0.1039037246526181,0.5785805798515907,0.2965396979931309,0.0232113097785136,0.2348971544787897,0.0932957253590241,0.0989583333333333,0.5373134328358209,0.2941176470588235,RED_Control_ids,RED,0.79,0.03,0.6139,0.6157,0.154,0.46,2025-12-17,Control-Sun
C4,112,91,2432,2464,20251216_123429.jpg,2992,2992,0.09920312555386,0.526703466068672,0.3027279302479968,0.0215336086699785,0.2233478947884935,0.103032277138843,0.0957446808510637,0.4915254237288136,0.3019607843137254,RED_Control_ids,RED,0.48,0.03,0.5629,0.5422,0.136,0.427,2025-12-17,Control-Sun
C5,5,0,2530,2473,20251216_123452.jpg,2992,2992,0.10710928744919,0.6280100948810865,0.3069061280789243,0.0292948919287968,0.278359766152322,0.1097601767777869,0.1008771929824561,0.6417910447761194,0.2941176470588235,RED_Control_ids,RED,0.29,0.03,0.6089,0.3531,0.088,0.521,2025-12-17,Control-Sun
C6,244,643,2530,2349,20251216_123738.jpg,2992,2992,0.2153769322378965,0.9729198338789626,0.4062855432425561,0.0243470447493498,0.0800031026537096,0.1036453486346594,0.2116788321167883,1.0,0.4,GREEN_Control_ids,GREEN,0.66,0.03,0.1153,0.2914,0.073,0.042,2025-12-17,Control-Sun
C7,178,0,2506,2291,20251216_123819.jpg,2992,2992,0.2132255765010909,0.9462682098294778,0.4167080743475571,0.0340827347105522,0.1701886081120993,0.1324670311844923,0.2103174603174603,1.0,0.4078431372549019,GREEN_Control_ids,GREEN,1.75,0.03,0.1715,0.4975,0.124,0.047,2025-12-17,Control-Sun
C8,170,8,2349,2135,20251216_123845.jpg,2992,2992,0.2151937785879125,0.948531763992614,0.4087657287715848,0.0245362253583072,0.1097692208639074,0.1111437324544655,0.2115384615384615,1.0,0.4156862745098039,GREEN_Control_ids,GREEN,0.9,0.03,0.1173,0.3287,0.082,0.035,2025-12-17,Control-Sun
C10,13,17,2415,2374,20251216_123941.jpg,2992,2992,0.2128668129349014,0.9576866411908398,0.434197305533099,0.0247575584335866,0.1034657229103295,0.1076629037418097,0.2104519774011299,1.0,0.4470588235294117,GREEN_Control_ids,GREEN,0.5,0.03,0.1059,0.2438,0.061,0.045,2025-12-17,Control-Sun
C2,260,8,2242,2390,20251216_123338.jpg,2992,2992,0.1101071666156764,0.5837499931096263,0.2936454663526271,0.0260623374156585,0.2685078513431461,0.1062409303576151,0.1041666666666666,0.5242718446601943,0.2980392156862745,RED_Control_ids,RED,0.42,0.03,0.7704,0.4259,0.106,0.664,2025-12-17,Control-Sun
R2,0,206,2593,2160,20251216_120250.jpg,2992,2992,0.1336756641975428,0.5414161320238783,0.2617243045449674,0.034260590886449,0.2710916151069679,0.0917904064721613,0.1333333333333333,0.5116279069767442,0.2549019607843137,RED_white_blue_led_ids,RED,1.2,0.03,0.4441,0.7598,0.19,0.254,2025-12-17,White+Blue LED
G10,104,74,2629,2745,20251216_122052.jpg,2992,2992,0.207169141990779,0.903163186035044,0.535895026356133,0.021368193302395,0.1553858210208955,0.1111614326881931,0.2027777777777777,1.0,0.5450980392156862,GREEN_white_led_ids,GREEN,1.53,0.03,0.13,0.3798,0.095,0.035,2025-12-17,White LED
R3,5,0,2201,2481,20251216_120336.jpg,2992,2992,0.1245713181551024,0.5587781651772433,0.2888214732667936,0.030628550404593,0.2893971519907926,0.0957180239604713,0.1205673758865248,0.5,0.2980392156862745,RED_white_blue_led_ids,RED,0.38,0.03,0.5158,0.5741,0.144,0.372,2025-12-17,White+Blue LED
R4,46,0,2662,2432,20251216_120405.jpg,2992,2992,0.1189564630172495,0.5170464705021838,0.2637760648969171,0.0382180854946814,0.2798524782725268,0.093305829860097,0.1159420289855072,0.4745762711864407,0.2588235294117647,RED_white_blue_led_ids,RED,0.78,0.03,0.3692,0.5843,0.146,0.223,2025-12-17,White+Blue LED
R5,29,17,2291,2349,20251216_120432.jpg,2992,2992,0.1510952812227502,0.6424045541807447,0.2681054668732823,0.0256358731216184,0.2864461450519228,0.0911406961306035,0.1495726495726495,0.64,0.2627450980392157,RED_white_blue_led_ids,RED,1.6,0.03,0.4115,0.4563,0.114,0.297,2025-12-17,White+Blue LED
G1,21,25,2489,2316,20251216_120649.jpg,2992,2992,0.2227759394625678,0.936023942030066,0.3252490680378521,0.027777792641782,0.1286948152350795,0.0921384937198041,0.2207792207792207,1.0,0.3254901960784314,GREEN_white_blue_led_ids,GREEN,1.37,0.03,0.1367,0.3499,0.087,0.049,2025-12-17,White+Blue LED
G2,13,107,2374,2225,20251216_120714.jpg,2992,2992,0.2196824807534832,0.873309485462779,0.3555273528949765,0.0243470357908179,0.1589064983213606,0.0919979100457302,0.2207792207792207,0.9587628865979382,0.3607843137254902,GREEN_white_blue_led_ids,GREEN,1.3,0.03,0.1486,0.4449,0.111,0.037,2025-12-17,White+Blue LED
G3,5,8,2695,2341,20251216_120738.jpg,2992,2992,0.2190818078416411,0.8882728698470057,0.4148292331934021,0.0199571893731933,0.1447855271134681,0.0951890815915066,0.2184873949579832,0.97,0.4156862745098039,GREEN_white_blue_led_ids,GREEN,1.02,0.03,0.1177,0.2626,0.066,0.052,2025-12-17,White+Blue LED
G4,301,0,2258,2448,20251216_120801.jpg,2992,2992,0.2157749314593892,0.8903288292919684,0.4118249839214089,0.0213288015495518,0.1613907709341401,0.1011045372758231,0.2150537634408601,1.0,0.4156862745098039,GREEN_white_blue_led_ids,GREEN,1.43,0.03,0.136,0.3986,0.1,0.036,2025-12-17,White+Blue LED
G5,38,33,2201,2506,20251216_120933.jpg,2992,2992,0.2169965132885065,0.9058672617573598,0.38902007346997,0.024304612460232,0.1515216472193458,0.1067384675968345,0.2156862745098039,1.0,0.384313725490196,GREEN_white_blue_led_ids,GREEN,1.07,0.03,0.1326,0.3809,0.095,0.037,2025-12-17,White+Blue LED
R6,112,165,2143,2003,20251216_121332.jpg,2992,2992,0.1067511384238739,0.3798145115494624,0.237523604524293,0.0339376213523014,0.2033805315440225,0.0850513097528857,0.0980392156862744,0.3404255319148936,0.2313725490196078,RED_white_led_ids,RED,0.77,0.03,0.3906,0.5912,0.148,0.243,2025-12-17,White LED
R7,219,25,2341,2102,20251216_121354.jpg,2992,2992,0.1170031002972349,0.3904633113232422,0.2196882896827961,0.0381549514870972,0.2267041681469853,0.0807882389817415,0.111111111111111,0.3492063492063493,0.2235294117647058,RED_white_led_ids,RED,0.92,0.03,0.4189,0.6681,0.167,0.252,2025-12-17,White LED
R8,0,0,2585,2605,20251216_121427.jpg,2992,2992,0.1401936607328943,0.5057213030415149,0.3217994202361514,0.0270539816838621,0.270420935820314,0.1092379311221045,0.1403508771929824,0.4459459459459459,0.3254901960784314,RED_white_led_ids,RED,0.82,0.03,0.4001,0.6581,0.165,0.236,2025-12-17,White LED
R9,5,25,2415,2407,20251216_121454.jpg,2992,2992,0.1090313264854811,0.399743578671862,0.3196105334667023,0.0301220236059476,0.2261692282059275,0.1045453711228027,0.1041666666666666,0.3513513513513513,0.3254901960784314,RED_white_led_ids,RED,0.94,0.03,0.3971,0.6621,0.166,0.232,2025-12-17,White LED
R10,269,99,1879,1896,20251216_121519.jpg,2992,2992,0.1547821295588486,0.5851565883451159,0.2346780080839306,0.0242961727286745,0.2514572283382061,0.0911451653108985,0.1553030303030303,0.540983606557377,0.2313725490196078,RED_white_led_ids,RED,0.53,0.03,0.3766,0.5876,0.147,0.23,2025-12-17,White LED
G6,5,0,2679,2440,20251216_121847.jpg,2992,2992,0.2186786256059585,0.9146269209563684,0.4002043050282387,0.029134755579231,0.1364068445097844,0.1170627510895693,0.2150537634408602,1.0,0.4117647058823529,GREEN_white_led_ids,GREEN,1.51,0.03,0.1095,0.2889,0.072,0.037,2025-12-17,White LED
G7,0,17,2815,2605,20251216_121928.jpg,2992,2992,0.2135394467067675,0.9256408789369608,0.4661462407361578,0.0235851279591377,0.1185547685784524,0.119007496801047,0.2106060606060606,1.0,0.4823529411764706,GREEN_white_led_ids,GREEN,0.98,0.03,0.1572,0.4775,0.119,0.038,2025-12-17,White LED
G8,21,0,2704,2473,20251216_121955.jpg,2992,2992,0.2110806543405428,0.9216872476816074,0.4822236130496244,0.0209726616818458,0.1212289277958467,0.1127765531719772,0.2087087087087087,1.0,0.5019607843137255,GREEN_white_led_ids,GREEN,1.23,0.03,0.1188,0.3512,0.088,0.031,2025-12-17,White LED
G9,38,0,2769,2580,20251216_122029.jpg,2992,2992,0.2099688342648884,0.934331218275055,0.4320259522251586,0.0221398926862122,0.1153646913384738,0.1126982499306179,0.2069597069597069,1.0,0.4392156862745098,GREEN_white_led_ids,GREEN,0.93,0.03,0.1364,0.3635,0.091,0.046,2025-12-17,White LED
R12,13,58,2432,2333,20251216_122348.jpg,2992,2992,0.1817588338668325,0.8477448535915493,0.3083084649476763,0.0187750459820057,0.1947999837929616,0.0968724522334362,0.1782945736434108,0.989010989010989,0.3058823529411765,RED_Shade_ids,RED,0.36,0.03,0.4124,0.6571,0.164,0.248,2025-12-17,Shade
R13,318,148,2291,2423,20251216_122413.jpg,2992,2992,0.181500267757252,0.7607230385593596,0.3556901203018258,0.0169758179399939,0.2287153211223922,0.091102454412335,0.1792929292929292,0.8032786885245902,0.3568627450980392,RED_Shade_ids,RED,0.31,0.03,0.3879,0.4841,0.121,0.267,2025-12-17,Shade
R11,0,0,2931,2712,20251216_122320.jpg,2992,2992,0.1757025516143233,0.8268244697607221,0.3387605783004467,0.0186620337257652,0.2087344089881485,0.1064819330978356,0.1749999999999999,0.9333333333333332,0.3372549019607843,RED_Shade_ids,RED,0.52,0.03,0.4445,0.8693,0.217,0.227,2025-12-17,Shade
C9,101,157,2598,2559,20251223_132926.jpg,2992,2992,0.2062575125204498,0.984449605888386,0.6040145103071166,0.0267957886899411,0.0430835576635748,0.1327927790140596,0.2015503875968992,1.0,0.6313725490196078,GREEN_Control_ids,GREEN,2.16,0.03,0.0959,0.2491,0.062,0.034,2025-12-25,Control-Sun
G7,28,0,2631,2415,20251223_130853.jpg,2992,2992,0.2009173009519541,0.9404738585747032,0.5733604336719212,0.0220524820622145,0.1014193352913668,0.1231671126678504,0.199047619047619,1.0,0.592156862745098,GREEN_white_led_ids,GREEN,1.59,0.03,0.1919,0.3444,0.086,0.106,2025-12-25,White LED
G6,146,13,2277,2447,20251223_130821.jpg,2992,2992,0.1950127670181249,0.9570473703044804,0.5681104235259106,0.0217682691171384,0.082532237376878,0.1259519398522753,0.192,1.0,0.5843137254901961,GREEN_white_led_ids,GREEN,1.49,0.03,0.1135,0.323,0.081,0.033,2025-12-25,White LED
R10,271,66,2237,1975,20251223_130433.jpg,2992,2992,0.1772688972676307,0.71515146622813,0.4001774026046645,0.0329806587334201,0.2127584976305872,0.1354772019255493,0.1754385964912281,0.6991510180588532,0.4078431372549019,RED_white_led_ids,RED,1.43,0.03,0.4154,0.6842,0.171,0.244,2025-12-25,White LED
R9,311,223,1995,2060,20251223_130405.jpg,2992,2992,0.1559030985451578,0.7060935193040692,0.3791099183669008,0.038759385342658,0.2879183718940283,0.1622263449387868,0.1574074074074074,0.7647058823529411,0.3607843137254902,RED_white_led_ids,RED,1.96,0.03,0.3974,0.5184,0.13,0.268,2025-12-25,White LED
R8,376,131,2211,2310,20251223_130333.jpg,2992,2992,0.1779755968457306,0.7344497358852571,0.4190817111362796,0.0319898888340672,0.2767491862786701,0.1481556398252976,0.1782273603082852,0.8145695364238411,0.4078431372549019,RED_white_led_ids,RED,1.37,0.03,0.5488,0.7335,0.183,0.365,2025-12-25,White LED
R7,199,7,2401,2198,20251223_130300.jpg,2992,2992,0.1472770487297575,0.7324117962197183,0.4188838551519224,0.0303865946707883,0.2480999751650202,0.1529741152148988,0.1478494623655914,0.7428571428571429,0.4,RED_white_led_ids,RED,1.23,0.03,0.3513,0.7048,0.176,0.175,2025-12-25,White LED
R6,265,20,2251,2146,20251223_130236.jpg,2992,2992,0.1370039556529166,0.691622415250331,0.3853032980207164,0.0325118401667963,0.2615446613972585,0.1275904108533593,0.137037037037037,0.6835443037974684,0.3803921568627451,RED_white_led_ids,RED,1.16,0.03,0.4764,0.898,0.225,0.252,2025-12-25,White LED
G8,0,0,2633,2369,20251223_130921.jpg,2992,2992,0.2087353622643105,0.9233952824883388,0.565885366540394,0.0244961538809088,0.1085928399255192,0.1180078540437201,0.2074340527577937,0.984375,0.5882352941176471,GREEN_white_led_ids,GREEN,1.02,0.03,0.1208,0.3296,0.082,0.038,2025-12-25,White LED
G5,488,39,2113,2369,20251223_125934.jpg,2992,2992,0.2141772684240382,0.9880343670381598,0.5237840031697469,0.029674151129633,0.0430563073455156,0.137154105727618,0.2107142857142857,1.0,0.5215686274509804,GREEN_white_blue_led_ids,GREEN,1.23,0.03,0.1354,0.2089,0.052,0.083,2025-12-25,White+Blue LED
G3,356,20,2303,2356,20251223_125840.jpg,2992,2992,0.2075295639085595,0.96115819988096,0.5277429219114794,0.0244126142349779,0.0767431359051477,0.1088195787999126,0.2056451612903226,1.0,0.5411764705882353,GREEN_white_blue_led_ids,GREEN,1.29,0.03,0.1441,0.3999,0.1,0.044,2025-12-25,White+Blue LED
G2,192,20,2283,2113,20251223_125816.jpg,2992,2992,0.2227500130404328,0.9617520368358452,0.488090769098047,0.0300189529574806,0.087655146702091,0.1241309532092536,0.2216494845360824,1.0,0.4941176470588235,GREEN_white_blue_led_ids,GREEN,1.44,0.03,0.1354,0.3956,0.099,0.037,2025-12-25,White+Blue LED
G1,291,79,2408,2559,20251223_125753.jpg,2992,2992,0.2047668865894242,0.9633724347713928,0.5662531365836759,0.0250619561804574,0.0727148688493784,0.118088303158577,0.2009803921568627,1.0,0.5882352941176471,GREEN_white_blue_led_ids,GREEN,1.05,0.03,0.0944,0.2099,0.052,0.042,2025-12-25,White+Blue LED
R5,225,0,2434,2231,20251223_125143.jpg,2992,2992,0.1802472127378528,0.8517697854923562,0.423077892364218,0.0371386700596021,0.2294646070496534,0.1412019906858019,0.18125,1.0,0.4196078431372549,RED_white_blue_led_ids,RED,1.0,0.03,0.0444,0.0357,0.009,0.035,2025-12-25,White+Blue LED
R4,0,0,2561,2152,20251223_125119.jpg,2992,2992,0.1518867329323352,0.5865095256667586,0.4222658235701214,0.0397055202744159,0.2778511986354324,0.1321586079419533,0.1532567049808429,0.5161290322580645,0.4235294117647059,RED_white_blue_led_ids,RED,1.48,0.03,0.7471,1.1488,0.287,0.46,2025-12-25,White+Blue LED
R3,225,0,2336,2192,20251223_125058.jpg,2992,2992,0.1630491643563268,0.6633569225975158,0.420824883965621,0.0433148131671573,0.288811158344537,0.1550881750243395,0.1666666666666666,0.6521739130434783,0.4117647058823529,RED_white_blue_led_ids,RED,1.23,0.03,0.3323,0.481,0.12,0.212,2025-12-25,White+Blue LED
R2,41,13,2559,2382,20251223_125034.jpg,2992,2992,0.1591122797071558,0.5889008300662402,0.428937938554664,0.0402711696061055,0.3019596509516885,0.1468783780433546,0.160377358490566,0.5231788079470199,0.4274509803921568,RED_white_blue_led_ids,RED,1.33,0.03,0.4595,0.6231,0.156,0.304,2025-12-25,White+Blue LED
G4,251,0,2080,2008,20251223_125908.jpg,2992,2992,0.2157730036150605,0.9695095608778482,0.4886659526862217,0.0344433721330148,0.0778396321191463,0.1514228295140324,0.2079646017699115,1.0,0.5098039215686274,GREEN_white_blue_led_ids,GREEN,1.01,0.03,0.0464,0.0395,0.01,0.037,2025-12-25,White+Blue LED
G9,179,7,2716,2198,20251223_130956.jpg,2992,2992,0.2063990747607495,0.9242040649429616,0.5801378686713191,0.024584954238369,0.1032168580257063,0.1269333951285722,0.2022471910112359,0.978102189781022,0.6039215686274509,GREEN_white_led_ids,GREEN,1.54,0.03,0.1653,0.4997,0.125,0.04,2025-12-25,White LED
C10,415,407,2349,2270,20251223_132950.jpg,2992,2992,0.2045991349457086,0.9787788853850388,0.6368455070485676,0.0227784442956089,0.0531066176540083,0.152748123122299,0.199047619047619,1.0,0.6745098039215687,GREEN_Control_ids,GREEN,0.99,0.03,0.127,0.3422,0.086,0.041,2025-12-25,Control-Sun
G10,317,223,2172,2211,20251223_131024.jpg,2992,2992,0.2025430941024311,0.9552712622649638,0.5888961422198639,0.0225161038938897,0.0852140098568426,0.1213267184401823,0.1995305164319249,1.0,0.611764705882353,GREEN_white_led_ids,GREEN,1.88,0.03,0.1209,0.3374,0.084,0.037,2025-12-25,White LED
C7,0,0,2738,2579,20251223_132843.jpg,2992,2992,0.2074852468110342,0.980683539533574,0.6213234017927467,0.0253510752863785,0.0559188243169048,0.1399357409428902,0.2029795158286778,1.0,0.6509803921568628,GREEN_Control_ids,GREEN,1.59,0.03,0.1194,0.3364,0.084,0.035,2025-12-25,Control-Sun
C6,61,0,2723,2480,20251223_132822.jpg,2992,2992,0.2077790361539434,0.9843405408668566,0.6053628408885552,0.0247313868773571,0.0414981345907507,0.1453004777966133,0.2033898305084746,1.0,0.6352941176470588,GREEN_Control_ids,GREEN,2.96,0.03,0.1286,0.3738,0.093,0.035,2025-12-25,Control-Sun
C5,219,39,2237,2310,20251223_132506.jpg,2992,2992,0.137148825322359,0.6690063487502946,0.3952917127617756,0.0456835193595081,0.2981619365744298,0.158406661000353,0.1284153005464481,0.6666666666666667,0.3803921568627451,RED_Control_ids,RED,1.71,0.03,0.6944,0.7016,0.175,0.519,2025-12-25,Control-Sun
C4,750,295,2237,2349,20251223_132441.jpg,2992,2992,0.1127946730913361,0.6017209791063516,0.396554141119376,0.0323869440779662,0.2252559779463624,0.137804097194617,0.1094527363184079,0.6083333333333333,0.3803921568627451,RED_Control_ids,RED,1.44,0.03,0.1813,0.2252,0.056,0.125,2025-12-25,Control-Sun
C3,0,0,2745,2205,20251223_132419.jpg,2992,2992,0.1268765239871756,0.6883405384939255,0.399390079337029,0.033991727235669,0.2534347955097695,0.1480644175347379,0.1225490196078431,0.6831683168316831,0.388235294117647,RED_Control_ids,RED,1.4,0.03,0.5147,0.5375,0.134,0.38,2025-12-25,Control-Sun
C2,0,52,2856,2336,20251223_132354.jpg,2992,2992,0.1370103322714483,0.6600760771800646,0.397992684588377,0.0424249287187677,0.2947997197934602,0.1521539039503144,0.1302083333333333,0.6626506024096386,0.384313725490196,RED_Control_ids,RED,1.25,0.03,0.5171,0.5872,0.147,0.37,2025-12-25,Control-Sun
C1,717,0,2100,2178,20251223_132322.jpg,2992,2992,0.1134182619648618,0.7648841320600588,0.3444169156587121,0.0325962423532824,0.2445076849622525,0.1524793543474932,0.1058823529411764,0.8360655737704918,0.3215686274509803,RED_Control_ids,RED,1.66,0.03,0.3949,0.4867,0.122,0.273,2025-12-25,Control-Sun
G15,166,33,2572,2454,20251223_132030.jpg,2992,2992,0.1944689728038323,0.9820442437210908,0.4897436660843592,0.0223094944070247,0.0441624868678905,0.0995409612417852,0.192,1.0,0.4901960784313725,GREEN_Shade_ids,GREEN,0.91,0.03,0.1254,0.3337,0.083,0.042,2025-12-25,Shade
G14,146,0,2329,2447,20251223_131958.jpg,2992,2992,0.2014266689530701,0.9843455016755897,0.575984742714321,0.0201646569227947,0.0516270260545154,0.0805281856243226,0.1994949494949494,1.0,0.580392156862745,GREEN_Shade_ids,GREEN,1.26,0.03,0.0389,0.0368,0.009,0.03,2025-12-25,Shade
G13,284,59,2703,2251,20251223_131927.jpg,2992,2992,0.1907680760978704,0.9925955176356798,0.5487645759091816,0.0191361483889798,0.0288919041380133,0.082863207893392,0.1889671361502347,1.0,0.5529411764705883,GREEN_Shade_ids,GREEN,0.91,0.03,0.1089,0.265,0.066,0.043,2025-12-25,Shade
G12,41,0,2546,2415,20251223_131902.jpg,2992,2992,0.1978025230998309,0.9879775076311322,0.5746935251850267,0.018329542501032,0.0404893034552185,0.0973896479533071,0.1957070707070707,1.0,0.5882352941176471,GREEN_Shade_ids,GREEN,1.53,0.03,0.1286,0.395,0.099,0.03,2025-12-25,Shade
G11,586,0,2369,2585,20251223_131832.jpg,2992,2992,0.1944868902696123,0.9782417517438208,0.6129300028609116,0.0175394902650522,0.0526683232384993,0.0907932756135625,0.1922222222222222,1.0,0.6235294117647059,GREEN_Shade_ids,GREEN,1.33,0.03,0.0513,0.0372,0.009,0.042,2025-12-25,Shade
R15,173,210,2546,2493,20251223_131509.jpg,2992,2992,0.1775701812261521,0.8710853583079629,0.4783149553518015,0.0276981248779157,0.1858213146158987,0.1394245895613743,0.1785714285714285,1.0,0.4627450980392157,RED_Shade_ids,RED,1.12,0.03,0.3023,0.5778,0.144,0.158,2025-12-25,Shade
R14,173,26,2808,2231,20251223_131441.jpg,2992,2992,0.1903383672466709,0.9433202608376736,0.4587404364867801,0.0308808016082211,0.1215883073466174,0.1187783714119705,0.1813725490196078,1.0,0.4470588235294117,RED_Shade_ids,RED,1.16,0.03,0.2694,0.5717,0.143,0.126,2025-12-25,Shade
R13,9,151,2566,2552,20251223_131418.jpg,2992,2992,0.1887838719403116,0.9236704206198392,0.5260282082259328,0.0249098245434275,0.1441213289663872,0.1118540398337944,0.1851851851851852,1.0,0.5215686274509804,RED_Shade_ids,RED,1.4,0.03,0.3745,0.6017,0.15,0.224,2025-12-25,Shade
R12,238,0,2493,2605,20251223_131356.jpg,2992,2992,0.182061306397632,0.8980179402791687,0.5037575787490458,0.0227614608537684,0.1622003711036213,0.1167341796721358,0.1786786786786787,1.0,0.4980392156862745,RED_Shade_ids,RED,0.84,0.03,0.0671,0.0455,0.011,0.056,2025-12-25,Shade
R11,61,0,2828,2592,20251223_131335.jpg,2992,2992,0.1901160998983302,0.8883334847100607,0.4920381831048289,0.0276228247588093,0.1555253304142904,0.0985443186419397,0.1893424036281179,0.9803921568627452,0.4980392156862745,RED_Shade_ids,RED,1.05,0.03,0.3463,0.6847,0.171,0.175,2025-12-25,Shade
C8,219,0,2303,2375,20251223_132902.jpg,2992,2992,0.2051249402057284,0.9843422208049338,0.58906010639321,0.0255819414068789,0.043361580325063,0.1244309840118275,0.2005988023952095,1.0,0.615686274509804,GREEN_Control_ids,GREEN,1.88,0.03,0.1042,0.2548,0.064,0.041,2025-12-25,Control-Sun
R1,140,7,2421,2034,20251223_125001.jpg,2992,2992,0.1555354948181647,0.7017057105702965,0.3622784273094079,0.0425701364295182,0.2842304048520777,0.1449483506809126,0.1596638655462184,0.7321428571428571,0.3490196078431372,RED_white_blue_led_ids,RED,1.19,0.03,0.4624,0.7665,0.192,0.271,2025-12-25,White+Blue LED
R1,524,74,2077,2201,20251225_105832.jpg,2992,2992,0.1611230946498746,0.6428223969940826,0.4792136856313886,0.0350819963651809,0.3077523383438206,0.174249737212797,0.16006600660066,0.6138613861386139,0.4823529411764706,RED_white_blue_led_ids,RED,1.32,0.03,0.3447,0.4428,0.111,0.234,2025-12-31,White+Blue LED
C6,120,0,2621,2366,20251225_113803.jpg,2992,2992,0.1920856028527101,0.9809433407091436,0.6285594618030862,0.0216690328434045,0.0507834797496175,0.1057763231987285,0.1886446886446886,1.0,0.6470588235294118,GREEN_Control_ids,GREEN,2.12,0.03,0.1153,0.2914,0.073,0.042,2025-12-31,Control-Sun
G6,269,17,2382,2217,20251225_111852.jpg,2992,2992,0.1956323306670227,0.9851695201363534,0.6026453794788934,0.0198465481422605,0.0480684911977835,0.1194375781000392,0.192090395480226,1.0,0.6196078431372549,GREEN_white_led_ids,GREEN,1.84,0.03,0.1095,0.2889,0.072,0.037,2025-12-31,White LED
R10,367,8,2481,2258,20251225_111326.jpg,2992,2992,0.1684003420315487,0.7566770095112492,0.4760926043286265,0.0367411678275249,0.261168223859708,0.1597886793391144,0.1691358024691357,0.8541666666666666,0.4823529411764706,RED_white_led_ids,RED,1.69,0.03,0.3766,0.5876,0.147,0.23,2025-12-31,White LED
R9,277,17,2407,2341,20251225_111259.jpg,2992,2992,0.1763544887485574,0.8152884682254278,0.4976368745907769,0.033539670471736,0.2275383128292047,0.162977231520918,0.1746031746031745,0.9855769230769232,0.4901960784313725,RED_white_led_ids,RED,1.53,0.03,0.3971,0.6621,0.166,0.232,2025-12-31,White LED
R8,87,8,2448,2324,20251225_111229.jpg,2992,2992,0.1755989602488497,0.8844796810984502,0.5057064448954464,0.0283539354353885,0.1798655536110517,0.1526951530445593,0.1776960784313725,1.0,0.4941176470588235,RED_white_led_ids,RED,0.89,0.03,0.4001,0.6581,0.165,0.236,2025-12-31,White LED
R7,310,280,2357,2234,20251225_111152.jpg,2992,2992,0.15090799230818,0.7325625991781612,0.4215449217998616,0.0359544152943544,0.2743756122958,0.147430665016936,0.1543859649122807,0.7985611510791367,0.4,RED_white_led_ids,RED,1.17,0.03,0.4189,0.6681,0.167,0.252,2025-12-31,White LED
R6,318,165,2036,2069,20251225_111124.jpg,2992,2992,0.1672309967671803,0.7917935284958438,0.446672893384458,0.0284076848358713,0.2255114720802698,0.1349561659877152,0.1701030927835051,0.8833333333333333,0.4392156862745098,RED_white_led_ids,RED,1.29,0.03,0.3906,0.5912,0.148,0.243,2025-12-31,White LED
G5,5,0,2316,2077,20251225_110828.jpg,2992,2992,0.1869250193956713,0.9657395659549052,0.6031075916883847,0.0207130087053263,0.0688149372633973,0.1389059625477221,0.1828358208955224,1.0,0.6078431372549019,GREEN_white_blue_led_ids,GREEN,0.76,0.03,0.1326,0.3809,0.095,0.037,2025-12-31,White+Blue LED
G4,71,0,2382,2432,20251225_110755.jpg,2992,2992,0.2053588562928902,0.9721077145828156,0.5792972457563528,0.0255946504273075,0.0714771293302571,0.1478502599413323,0.2010309278350515,1.0,0.6078431372549019,GREEN_white_blue_led_ids,GREEN,0.87,0.03,0.136,0.3986,0.1,0.036,2025-12-31,White+Blue LED
G3,301,66,2366,2324,20251225_110723.jpg,2992,2992,0.1959958707520174,0.967045968690632,0.6033971270381696,0.0181026241402875,0.0789156681049943,0.1351893295512362,0.1937984496124031,1.0,0.615686274509804,GREEN_white_blue_led_ids,GREEN,1.22,0.03,0.1177,0.2626,0.066,0.052,2025-12-31,White+Blue LED
G2,359,17,2374,2201,20251225_110643.jpg,2992,2992,0.2070926579238995,0.9834440021961438,0.5657718452453554,0.0272957890750409,0.0588967302021528,0.1671944434616091,0.2014925373134328,1.0,0.580392156862745,GREEN_white_blue_led_ids,GREEN,1.33,0.03,0.1486,0.4449,0.111,0.037,2025-12-31,White+Blue LED
G1,277,0,2530,2242,20251225_110519.jpg,2992,2992,0.1979674141446316,0.9848291257328388,0.5927394159117302,0.0177869986357221,0.0496339659134097,0.0985563997222554,0.1958333333333333,1.0,0.6,GREEN_white_blue_led_ids,GREEN,1.77,0.03,0.1367,0.3499,0.087,0.049,2025-12-31,White+Blue LED
R5,54,17,2671,2110,20251225_110051.jpg,2992,2992,0.1685028466380607,0.8540259035933435,0.4663184383179365,0.0295453165215318,0.2152701875199113,0.1537449156131713,0.1714285714285714,1.0,0.4588235294117647,RED_white_blue_led_ids,RED,1.61,0.03,0.4115,0.4563,0.114,0.297,2025-12-31,White+Blue LED
R4,211,0,2399,2349,20251225_110017.jpg,2992,2992,0.1548032929703255,0.7122994675530029,0.5338192572512491,0.032829199532849,0.2707430603274211,0.1206661379968941,0.1588785046728972,0.763157894736842,0.5372549019607843,RED_white_blue_led_ids,RED,1.8,0.03,0.3692,0.5843,0.146,0.223,2025-12-31,White+Blue LED
R3,0,33,2494,2151,20251225_105941.jpg,2992,2992,0.1566144448442535,0.6860834365859629,0.5044049085658024,0.0326980135315367,0.2918511163935594,0.1468569165800414,0.1595238095238095,0.7065217391304347,0.4980392156862745,RED_white_blue_led_ids,RED,2.77,0.03,0.5158,0.5741,0.144,0.372,2025-12-31,White+Blue LED
R2,244,0,2366,2225,20251225_105858.jpg,2992,2992,0.1658234188533356,0.6504759451303371,0.4768461107858197,0.0350124432507017,0.3031626436879536,0.163682656856019,0.1701149425287356,0.6328125,0.4666666666666667,RED_white_blue_led_ids,RED,1.71,0.03,0.4441,0.7598,0.19,0.254,2025-12-31,White+Blue LED
G7,565,354,2250,2464,20251225_111920.jpg,2992,2992,0.2034419207180965,0.9510317995780752,0.5944133382229618,0.0213689891846978,0.099537198976059,0.140812372540816,0.1997126436781609,1.0,0.6235294117647059,GREEN_white_led_ids,GREEN,1.62,0.03,0.1572,0.4775,0.119,0.038,2025-12-31,White LED
C7,194,17,2563,2357,20251225_113832.jpg,2992,2992,0.1920228282833499,0.994618183217412,0.5986856708641568,0.0207083053622501,0.0256661453934059,0.1306214395537185,0.18562874251497,1.0,0.6274509803921569,GREEN_Control_ids,GREEN,1.34,0.03,0.1715,0.4975,0.124,0.047,2025-12-31,Control-Sun
G8,870,322,2110,2201,20251225_111942.jpg,2992,2992,0.2059251038249961,0.9498900069545584,0.555828945665433,0.026886274249523,0.1024385904045709,0.1677586917072718,0.2024608501118568,1.0,0.5647058823529412,GREEN_white_led_ids,GREEN,1.26,0.03,0.1188,0.3512,0.088,0.031,2025-12-31,White LED
G10,236,8,2456,2390,20251225_112036.jpg,2992,2992,0.2016905585524242,0.9727727643037984,0.6170299706945688,0.0205967829096172,0.0601574267946855,0.0953550998115881,0.1989247311827957,1.0,0.6274509803921569,GREEN_white_led_ids,GREEN,1.42,0.03,0.13,0.3798,0.095,0.035,2025-12-31,White LED
C5,491,8,2501,2687,20251225_113456.jpg,2992,2992,0.13699403589148,0.789119097279396,0.4026253793972229,0.0384712012733649,0.240041776916355,0.1550853717182597,0.1311111111111111,0.8962962962962963,0.396078431372549,RED_Control_ids,RED,1.61,0.03,0.6089,0.3531,0.088,0.521,2025-12-31,Control-Sun
C4,458,66,2530,2514,20251225_113420.jpg,2992,2992,0.1458183292249185,0.769006734666058,0.477312048166526,0.0359989956824477,0.2309298485717067,0.1566164735341053,0.1432748538011695,0.8,0.4705882352941176,RED_Control_ids,RED,1.22,0.03,0.5629,0.5422,0.136,0.427,2025-12-31,Control-Sun
C3,236,8,2756,2415,20251225_113353.jpg,2992,2992,0.1448583230481386,0.7572643758911084,0.5273147795933221,0.0343715186403967,0.2304721254339307,0.1626138940341172,0.141025641025641,0.7790697674418604,0.5333333333333333,RED_Control_ids,RED,1.09,0.03,0.6139,0.6157,0.154,0.46,2025-12-31,Control-Sun
C2,0,0,2992,2555,20251225_113320.jpg,2992,2992,0.1460430906803509,0.7826102553151222,0.4823859603989152,0.034757081270732,0.2489239293524403,0.1451732823119266,0.1439393939393939,0.9078014184397164,0.4823529411764706,RED_Control_ids,RED,1.28,0.03,0.7704,0.4259,0.106,0.664,2025-12-31,Control-Sun
C1,161,17,2831,2704,20251225_113253.jpg,2992,2992,0.1407641364081165,0.76358730405111,0.4442470787905936,0.0329918970959923,0.253539808511167,0.1621266013246369,0.1358811040339702,0.8305084745762712,0.4549019607843137,RED_Control_ids,RED,1.24,0.03,0.4537,0.3259,0.081,0.372,2025-12-31,Control-Sun
G15,392,17,2357,1879,20251225_112955.jpg,2992,2992,0.2004830254903855,0.9829334077215356,0.5843096667066854,0.0215475958631629,0.0420953436892931,0.1603455255488796,0.1976744186046511,1.0,0.6078431372549019,GREEN_Shade_ids,GREEN,1.15,0.03,0.1363,0.3911,0.098,0.039,2025-12-31,Shade
G14,87,379,2646,2135,20251225_112932.jpg,2992,2992,0.1987691622411121,0.9749732826475668,0.5330389934638808,0.0238380470306194,0.0387045757446569,0.1252951454147355,0.1941176470588235,0.9936305732484076,0.5529411764705883,GREEN_Shade_ids,GREEN,0.44,0.03,0.1265,0.3537,0.088,0.038,2025-12-31,Shade
G13,458,8,2316,2481,20251225_112907.jpg,2992,2992,0.2020475943969336,0.9907945432880544,0.5845272187052251,0.0295458336320783,0.032590613555086,0.1491798518619473,0.1954954954954955,1.0,0.6039215686274509,GREEN_Shade_ids,GREEN,1.44,0.03,0.1122,0.2965,0.074,0.038,2025-12-31,Shade
G12,38,17,2588,2349,20251225_112834.jpg,2992,2992,0.1933816927676927,0.986238564682046,0.5979161768992612,0.0233461949010453,0.0432005409240821,0.1002699701628283,0.1892230576441103,1.0,0.615686274509804,GREEN_Shade_ids,GREEN,1.86,0.03,0.1259,0.3516,0.088,0.038,2025-12-31,Shade
G11,524,0,2225,2448,20251225_112805.jpg,2992,2992,0.1954688161394958,0.9916282568450876,0.6294813841557888,0.0224397515758074,0.0276766045968664,0.1117981552145782,0.1904761904761904,1.0,0.6431372549019607,GREEN_Shade_ids,GREEN,0.93,0.03,0.1282,0.3164,0.079,0.049,2025-12-31,Shade
R15,21,25,2893,2588,20251225_112509.jpg,2992,2992,0.1691444491606038,0.8155048864766437,0.5888786504814701,0.0278577526332864,0.2223670263478409,0.1067073662667765,0.1695402298850574,0.9527027027027026,0.596078431372549,RED_Shade_ids,RED,1.15,0.03,0.3403,0.5243,0.131,0.209,2025-12-31,Shade
R14,0,0,2914,2473,20251225_112427.jpg,2992,2992,0.1737530978633699,0.9074787105912262,0.5079943335890427,0.0287485753251437,0.1656776499339598,0.137581064768025,0.1733716475095785,1.0,0.4980392156862745,RED_Shade_ids,RED,1.04,0.03,0.3571,0.5738,0.143,0.214,2025-12-31,Shade
R13,194,74,2563,2530,20251225_112347.jpg,2992,2992,0.1813110157605768,0.9467581617139648,0.5531143002957466,0.0204711866749759,0.1091249119665308,0.133333570811224,0.1806526806526806,1.0,0.5568627450980392,RED_Shade_ids,RED,1.04,0.03,0.3879,0.4841,0.121,0.236,2025-12-31,Shade
R12,0,25,2585,2522,20251225_112325.jpg,2992,2992,0.1896452012791734,0.9005390082824237,0.5692463169562344,0.0274282033256602,0.1521741794571285,0.0882235794946205,0.1840277777777778,0.9933333333333334,0.5764705882352941,RED_Shade_ids,RED,0.85,0.03,0.4124,0.6571,0.164,0.224,2025-12-31,Shade
R11,62,17,2778,2506,20251225_112257.jpg,2992,2992,0.1810581202128449,0.8732837570511691,0.5368328306952994,0.0271123454500233,0.1821438179808506,0.1338589413737143,0.1775956284153005,1.0,0.5294117647058824,RED_Shade_ids,RED,1.37,0.03,0.4445,0.8693,0.217,0.195,2025-12-31,Shade
G9,508,17,2481,2530,20251225_112007.jpg,2992,2992,0.203650550507163,0.9740542493253256,0.6086782013711661,0.0217348266242884,0.0780048206933509,0.1170586756937895,0.2023121387283236,1.0,0.6313725490196078,GREEN_white_led_ids,GREEN,0.89,0.03,0.1364,0.3635,0.091,0.046,2025-12-31,White LED
C8,170,17,2704,2399,20251225_113901.jpg,2992,2992,0.1965905540337853,0.9935966010044606,0.6041269575915279,0.0223682934017792,0.0229158504091356,0.1440356274281643,0.19140625,1.0,0.6431372549019607,GREEN_Control_ids,GREEN,1.67,0.03,0.1173,0.3287,0.082,0.035,2025-12-31,Control-Sun
C10,13,0,2979,2547,20251225_113955.jpg,2992,2992,0.196160231850717,0.9944372716595684,0.6205906429611827,0.0207487016429497,0.0240746201806351,0.1070385252670648,0.1939393939393939,1.0,0.6352941176470588,GREEN_Control_ids,GREEN,1.2,0.03,0.1059,0.2438,0.061,0.045,2025-12-31,Control-Sun
C9,137,17,2448,2390,20251225_113924.jpg,2992,2992,0.2035734716088254,0.9934591814702356,0.6200696148490661,0.0222522119945399,0.0266555150321581,0.0989432938490839,0.2025193798449612,1.0,0.6352941176470588,GREEN_Control_ids,GREEN,1.52,0.03,0.1455,0.3441,0.086,0.059,2025-12-31,Control-Sun
R13,422,118,1903,1890,20260128_113837.jpg,2992,2992,0.0888251425983981,0.6730555879894493,0.3435205402460938,0.0313178040592621,0.1456206907820088,0.0928137852848127,0.0822222222222222,0.6461538461538461,0.3254901960784314,RED_Shade_ids,RED,0.21,0.03,0.9584,0.5563,0.139,0.871,2026-01-29,Shade
R14,337,210,2054,1719,20260128_113923.jpg,2992,2992,0.0842395380572027,0.6874978125865124,0.3530547825734779,0.0298013336300716,0.134932670589136,0.1048826306001282,0.0780141843971631,0.6756756756756757,0.3333333333333333,RED_Shade_ids,RED,0.24,0.03,1.0099,0.5701,0.143,0.867,2026-01-29,Shade
G11,455,426,1555,1070,20260128_114412.jpg,2992,2992,0.1632383132820126,0.9852577365484796,0.4447465007789323,0.0131328652664807,0.0528658769509424,0.1109531074284758,0.1623563218390804,1.0,0.4352941176470588,GREEN_Shade_ids,GREEN,0.36,0.03,0.1727,0.4429,0.111,0.557,2026-01-29,Shade
G12,265,479,1339,1260,20260128_114509.jpg,2992,2992,0.1759923283250306,0.9940753086193056,0.3791340107819284,0.0130634143728945,0.0275626804255903,0.0996721675348867,0.1764705882352941,1.0,0.3725490196078431,GREEN_Shade_ids,GREEN,0.62,0.03,0.1768,0.5643,0.141,0.539,2026-01-29,Shade
C3,232,46,2244,2119,20260128_115106.jpg,2992,2992,0.0734445925219709,0.5674036197025636,0.4469129422278541,0.037000443205418,0.1275076053573291,0.1142358754466044,0.0730994152046783,0.5579710144927537,0.4352941176470588,RED_Control_ids,RED,0.33,0.03,1.2156,0.6871,0.172,1.044,2026-01-29,Control-Sun
C4,547,223,1575,1424,20260128_115150.jpg,2992,2992,0.0690961045108723,0.5926213126653926,0.3311846730607783,0.0217369212625506,0.1039979753600175,0.1061556499025496,0.0696969696969697,0.5964912280701754,0.3176470588235294,RED_Control_ids,RED,0.2,0.03,1.0981,0.7113,0.178,0.92,2026-01-29,Control-Sun
C5,225,0,1982,2329,20260128_115239.jpg,2992,2992,0.0707569524306635,0.5867424232615523,0.374770723684779,0.0296108421420826,0.1523088906796629,0.1042329361388481,0.0653153153153153,0.589041095890411,0.3686274509803922,RED_Control_ids,RED,0.51,0.03,1.1935,0.7553,0.189,1.005,2026-01-29,Control-Sun
C6,711,374,1778,1391,20260128_115431.jpg,2992,2992,0.1704963214004386,0.9516749315223758,0.433707751972991,0.0182734598092445,0.1060928922073074,0.0978177838535626,0.1683006535947712,1.0,0.4352941176470588,GREEN_Control_ids,GREEN,0.73,0.03,0.1348,0.3783,0.095,0.04,2026-01-29,Control-Sun
C7,258,236,1988,1772,20260128_115511.jpg,2992,2992,0.1706364609349496,0.9887201020559124,0.540232829267678,0.0090682413594291,0.0431157010227241,0.0747278778248332,0.1712643678160919,1.0,0.5372549019607843,GREEN_Control_ids,GREEN,0.46,0.03,0.1764,0.4966,0.124,0.052,2026-01-29,Control-Sun
C8,245,33,1988,2106,20260128_115557.jpg,2992,2992,0.1736133846400755,0.9826718515776136,0.5441939238187408,0.0124682042104039,0.0488449794672506,0.0998458597911916,0.1731770833333333,1.0,0.5450980392156862,GREEN_Control_ids,GREEN,0.71,0.03,0.1768,0.5514,0.138,0.039,2026-01-29,Control-Sun
C9,370,105,1686,1942,20260128_115637.jpg,2992,2992,0.1705048739601548,0.9877511572526044,0.540168823648424,0.0098500955648432,0.0457662486015969,0.0938484726172794,0.1712643678160919,1.0,0.5333333333333333,GREEN_Control_ids,GREEN,0.84,0.03,0.1991,0.5921,0.148,0.051,2026-01-29,Control-Sun
C10,55,223,2087,1916,20260128_115732.jpg,2992,2992,0.1680568792922515,0.98557032419636,0.5149126857014211,0.0099789730793127,0.0604899504687325,0.0995431517600377,0.1689814814814814,1.0,0.5215686274509804,GREEN_Control_ids,GREEN,0.77,0.03,0.1586,0.4756,0.119,0.04,2026-01-29,Control-Sun
R12,304,210,2034,1909,20260128_113750.jpg,2992,2992,0.1027899096143843,0.7651295829441795,0.331911640275698,0.0308432441060021,0.1458874528486521,0.0846000601186288,0.1020408163265306,0.7580645161290324,0.3137254901960784,RED_Shade_ids,RED,0.23,0.03,0.6855,0.4801,0.12,0.838,2026-01-29,Shade
R11,324,39,1634,1680,20260128_113653.jpg,2992,2992,0.0998740371315858,0.715018559962903,0.338521076981415,0.0298238415749812,0.1495576193145242,0.0815279511198305,0.0914634146341463,0.6933333333333332,0.3254901960784314,RED_Shade_ids,RED,0.18,0.03,0.6393,0.6194,0.155,0.531,2026-01-29,Shade
C2,304,433,1831,1713,20260128_115019.jpg,2992,2992,0.0747011394383513,0.6336656174508712,0.3200396315654257,0.0204677509412641,0.1139426004003795,0.1019656454444964,0.074074074074074,0.6290322580645162,0.3019607843137254,RED_Control_ids,RED,0.28,0.03,1.1824,0.806,0.202,0.981,2026-01-29,Control-Sun
R9,435,190,1535,1719,20260128_113215.jpg,2992,2992,0.0635338128455308,0.4867108838472826,0.3380625263669459,0.0310264710511338,0.1209270299443054,0.1042887562261841,0.0619047619047619,0.4888888888888889,0.3215686274509803,RED_white_led_ids,RED,0.28,0.03,1.0791,0.736,0.184,0.895,2026-01-29,White LED
R2,468,190,1391,1916,20260128_110950.jpg,2992,2992,0.0815785889468573,0.6792830717303616,0.2857394564031843,0.0229631751091086,0.1142243261228773,0.0988619662590654,0.0769230769230769,0.6666666666666666,0.2627450980392157,RED_white_blue_led_ids,RED,0.31,0.03,0.9322,0.8433,0.211,0.721,2026-01-29,White+Blue LED
R10,153,20,1804,1949,20260128_113343.jpg,2992,2992,0.0655934395684882,0.5554316307164366,0.2545185785681821,0.0425589880332686,0.1264049960802483,0.1002571031811455,0.063063063063063,0.5510204081632653,0.2274509803921568,RED_white_led_ids,RED,0.26,0.03,1.0864,0.7774,0.194,0.892,2026-01-29,White LED
R3,304,0,1818,2054,20260128_111113.jpg,2992,2992,0.0792507998254776,0.6222845605767782,0.3980334798216348,0.0317214148658459,0.1398836411539933,0.1200905185011617,0.074074074074074,0.6083333333333333,0.384313725490196,RED_white_blue_led_ids,RED,0.27,0.03,1.0894,0.7536,0.188,0.901,2026-01-29,White+Blue LED
R4,370,223,1863,1863,20260128_111208.jpg,2992,2992,0.0694623891996894,0.6289234503729312,0.3184296154767448,0.0190655311071417,0.1281217387811588,0.1111348743962847,0.0688405797101449,0.6304347826086957,0.2901960784313725,RED_white_blue_led_ids,RED,0.17,0.03,1.141,0.4633,0.116,1.025,2026-01-29,White+Blue LED
R5,291,335,1896,1745,20260128_111301.jpg,2992,2992,0.0790401010632715,0.6358836075682278,0.2822447332737948,0.02692244057078,0.1500400194816626,0.0985818189025661,0.0740740740740741,0.6233766233766234,0.2705882352941176,RED_white_blue_led_ids,RED,0.24,0.03,0.9879,0.6451,0.161,0.827,2026-01-29,White+Blue LED
G1,566,499,1726,1240,20260128_111659.jpg,2992,2992,0.1763634948342832,0.983762065393483,0.444948314714524,0.014386168710815,0.0465157268534907,0.1145736119093088,0.1753472222222222,1.0,0.4352941176470588,GREEN_white_blue_led_ids,GREEN,0.49,0.03,0.2188,0.6298,0.157,0.061,2026-01-29,White+Blue LED
G3,632,748,1568,1739,20260128_111831.jpg,2992,2992,0.1714081804020586,0.984797500566022,0.5027543094004715,0.0112512713398694,0.0423209937241977,0.1045642804525057,0.1733870967741935,1.0,0.4823529411764706,GREEN_white_blue_led_ids,GREEN,0.57,0.03,0.2228,0.6673,0.167,0.056,2026-01-29,White+Blue LED
G4,166,860,1555,1667,20260128_111919.jpg,2992,2992,0.1744133085680978,0.9810472054018682,0.4558862223283541,0.0113118180437508,0.058322420381229,0.0928115533739357,0.175,1.0,0.4509803921568627,GREEN_white_blue_led_ids,GREEN,0.83,0.03,0.2203,0.68,0.17,0.05,2026-01-29,White+Blue LED
G2,153,814,1745,1608,20260128_111749.jpg,2992,2992,0.1719473626498626,0.9855184262073472,0.4599277026788142,0.0092953596745006,0.0433190726541529,0.0941066777147135,0.173728813559322,1.0,0.4588235294117647,GREEN_white_blue_led_ids,GREEN,0.26,0.03,0.3304,0.5774,0.144,0.186,2026-01-29,White+Blue LED
G7,501,656,1772,1240,20260128_112314.jpg,2992,2992,0.177881022137766,0.9749119893003176,0.4369142281504704,0.0149987863450496,0.0692280586063303,0.0883014317615182,0.1763990267639902,1.0,0.4313725490196078,GREEN_white_led_ids,GREEN,0.78,0.03,0.2685,0.838,0.21,0.059,2026-01-29,White LED
G8,101,223,2073,1890,20260128_112355.jpg,2992,2992,0.1800414057262859,0.9873555183554086,0.4909770308530319,0.0132003254974211,0.0375665089376974,0.0889582141362446,0.1786786786786787,1.0,0.4823529411764706,GREEN_white_led_ids,GREEN,0.81,0.03,0.1776,0.5442,0.136,0.042,2026-01-29,White LED
G9,278,20,1896,1831,20260128_112504.jpg,2992,2992,0.1818297818539815,0.9784793108122212,0.52343742953435,0.0167917859382325,0.0517311470857927,0.0953501308638627,0.1810344827586207,1.0,0.5254901960784314,GREEN_white_led_ids,GREEN,1.43,0.03,0.2185,0.6846,0.171,0.459,2026-01-29,White LED
G10,271,282,1936,1732,20260128_112610.jpg,2992,2992,0.1741868748501731,0.9833113783931337,0.49632043166039,0.0114839017567457,0.0533538043942589,0.0899141087678074,0.1741293532338308,1.0,0.4980392156862745,GREEN_white_led_ids,GREEN,0.74,0.03,0.1685,0.5043,0.126,0.451,2026-01-29,White LED
R6,448,118,1706,1614,20260128_112857.jpg,2992,2992,0.0681509111004049,0.5476755198682246,0.3131927488257462,0.0221680665200709,0.1119758035713404,0.094257960531261,0.0683760683760684,0.5512820512820513,0.3058823529411765,RED_white_led_ids,RED,0.26,0.03,1.1732,0.7997,0.2,0.973,2026-01-29,White LED
R7,527,151,1660,1732,20260128_113039.jpg,2992,2992,0.0624479128147442,0.5384412899988925,0.3093972035288553,0.0213774321574988,0.1101234681490535,0.1048668259959856,0.0612244897959184,0.5316455696202532,0.2941176470588235,RED_white_led_ids,RED,0.31,0.03,1.2289,0.7585,0.19,1.039,2026-01-29,White LED
R8,192,210,1785,1870,20260128_113129.jpg,2992,2992,0.060924540336685,0.5532447091112015,0.2956932440316643,0.0379861737041301,0.1345935205317643,0.0998630937237495,0.0592592592592592,0.5555555555555556,0.2745098039215686,RED_white_led_ids,RED,0.29,0.03,1.2612,0.8322,0.208,1.053,2026-01-29,White LED
G6,166,7,1824,2027,20260128_112224.jpg,2992,2992,0.1753499895642379,0.9707572130017112,0.4743907656308882,0.0168624909136705,0.0880899171451181,0.118661751946769,0.1768707482993197,1.0,0.4509803921568627,GREEN_white_led_ids,GREEN,0.43,0.03,0.2088,0.6699,0.167,0.041,2026-01-29,White LED
G7,520,0,1955,2008,20260201_124300.jpg,2992,2992,0.2129842759203167,0.9730066624462926,0.3331665466263153,0.0277672275883626,0.0708311603815317,0.0959101066545193,0.2096219931271477,1.0,0.3333333333333333,GREEN_white_led_ids,GREEN,1.98,0.03,0.2159,0.6812,0.17,0.046,2026-02-05,White LED
R6,409,52,2093,1916,20260201_124011.jpg,2992,2992,0.0962126592437137,0.5391605838681605,0.2590961320460377,0.0244428840406189,0.2267815661723012,0.103994772601954,0.0919540229885057,0.4705882352941177,0.2509803921568627,RED_white_led_ids,RED,0.41,0.03,1.0707,0.9849,0.246,0.824,2026-02-05,White LED
G6,186,295,2080,1437,20260201_124245.jpg,2992,2992,0.1968552965054434,0.9775994462663784,0.298677661084529,0.0208989185270727,0.0639817946226276,0.1021126679073906,0.1936274509803921,1.0,0.2941176470588235,GREEN_white_led_ids,GREEN,2.26,0.03,0.3094,1.0511,0.263,0.047,2026-02-05,White LED
R8,435,13,1739,1982,20260201_124041.jpg,2992,2992,0.1024567219204707,0.577998969872672,0.26410951539824,0.0266130540711623,0.2507465820956804,0.1016920737757824,0.1031746031746031,0.5272727272727273,0.2588235294117647,RED_white_led_ids,RED,0.75,0.03,1.318,1.0201,0.255,1.063,2026-02-05,White LED
R7,534,118,1680,1877,20260201_124026.jpg,2992,2992,0.1119997660124103,0.5343054397908286,0.2323752768731208,0.030534306405622,0.2388731835007846,0.0942356716843716,0.1153846153846153,0.4666666666666666,0.2235294117647058,RED_white_led_ids,RED,0.6,0.03,1.0198,1.1908,0.298,0.722,2026-02-05,White LED
G5,94,26,2283,1785,20260201_123826.jpg,2992,2992,0.2047336801660506,0.9525956694886948,0.333767455911191,0.0250385073958651,0.0904360025263192,0.0914351992372118,0.2003367003367003,1.0,0.3294117647058823,GREEN_white_blue_led_ids,GREEN,0.93,0.03,0.2541,0.8175,0.204,0.05,2026-02-05,White+Blue LED
R2,291,20,2027,1726,20260201_123404.jpg,2992,2992,0.119511964009253,0.5912049895817171,0.2215511906357203,0.0286394672716956,0.2434146544627788,0.0817835938708132,0.1206896551724138,0.53125,0.2196078431372549,RED_white_blue_led_ids,RED,0.77,0.03,0.7968,1.0202,0.255,0.542,2026-02-05,White+Blue LED
G3,389,125,1621,1601,20260201_123740.jpg,2992,2992,0.2054119750663992,0.9352035044977028,0.3276670794795233,0.0177743931361755,0.1058557231681648,0.0801298436019807,0.2058823529411765,1.0,0.3294117647058823,GREEN_white_blue_led_ids,GREEN,1.93,0.03,0.3238,1.0911,0.273,0.051,2026-02-05,White+Blue LED
G2,284,39,2087,1719,20260201_123722.jpg,2992,2992,0.2004057300583798,0.9670870006360696,0.2858187782700166,0.0203669443642377,0.077328952726609,0.079798121596295,0.1977777777777777,1.0,0.2862745098039215,GREEN_white_blue_led_ids,GREEN,1.77,0.03,0.3599,1.2457,0.311,0.048,2026-02-05,White+Blue LED
G1,435,79,1542,1384,20260201_123657.jpg,2992,2992,0.2040836389401727,0.970999213687722,0.2998906031727967,0.0235365680714704,0.0762131575573901,0.0917472423842292,0.202991452991453,1.0,0.2862745098039215,GREEN_white_blue_led_ids,GREEN,1.85,0.03,0.3696,1.2684,0.317,0.053,2026-02-05,White+Blue LED
R5,402,66,1758,1745,20260201_123458.jpg,2992,2992,0.1243509239220104,0.6876292779058937,0.2363683856947963,0.0308043042288788,0.2536704451410178,0.0961514912369298,0.1215277777777777,0.6615384615384615,0.2274509803921568,RED_white_blue_led_ids,RED,0.35,0.03,1.2819,0.8524,0.213,1.069,2026-02-05,White+Blue LED
R4,619,66,1450,1548,20260201_123437.jpg,2992,2992,0.1388227682330091,0.6867351536545695,0.2134612454275242,0.0230040022119023,0.2391856048042974,0.0777747740467758,0.1416666666666666,0.6458333333333334,0.2039215686274509,RED_white_blue_led_ids,RED,0.33,0.03,0.893,0.9543,0.239,0.654,2026-02-05,White+Blue LED
R3,291,39,1929,1811,20260201_123419.jpg,2992,2992,0.1142717069973255,0.6011394066140371,0.2285008206554209,0.0278606578957952,0.2474288223706689,0.0782091803595438,0.1172839506172839,0.5526315789473685,0.2274509803921568,RED_white_blue_led_ids,RED,0.81,0.03,0.9161,1.0121,0.253,0.663,2026-02-05,White+Blue LED
G8,330,13,2277,1903,20260201_124319.jpg,2992,2992,0.2137077268603058,0.9535052941106767,0.3121166939020763,0.032122212075187,0.0935931525967922,0.0973606032064821,0.2073170731707316,1.0,0.3098039215686274,GREEN_white_led_ids,GREEN,1.96,0.03,0.2167,0.7025,0.176,0.041,2026-02-05,White LED
G4,389,282,2008,1693,20260201_123807.jpg,2992,2992,0.2040567590563758,0.9374369219064276,0.3189495561964997,0.0277460998846978,0.1034916052520842,0.1012703724857338,0.2,1.0,0.3215686274509803,GREEN_white_blue_led_ids,GREEN,1.02,0.03,0.623,1.601,0.4,0.223,2026-02-05,White+Blue LED
G9,146,7,2356,2474,20260201_124334.jpg,2992,2992,0.2063035389482246,0.930883759073838,0.407539037991979,0.0236435281655593,0.1134774834454669,0.1193442035133425,0.2054263565891473,1.0,0.4156862745098039,GREEN_white_led_ids,GREEN,1.44,0.03,0.2669,0.8607,0.215,0.052,2026-02-05,White LED
C9,22,407,2218,1962,20260201_125445.jpg,2992,2992,0.2004304448357508,0.970782609203516,0.3607113522578606,0.0271484790591898,0.0810164630686155,0.1162880027152731,0.1941747572815534,1.0,0.3764705882352941,GREEN_Control_ids,GREEN,1.54,0.03,0.2088,0.6476,0.162,0.047,2026-02-05,Control-Sun
R11,402,7,2152,1988,20260201_124610.jpg,2992,2992,0.1542265774373484,0.846606215047065,0.2660437717234329,0.0257042100627427,0.1997488897519402,0.0788017420378137,0.1564102564102564,1.0,0.2627450980392157,RED_Shade_ids,RED,0.35,0.03,1.3303,1.1203,0.28,1.05,2026-02-05,Shade
C10,717,322,1647,1411,20260201_125500.jpg,2992,2992,0.1998104955540697,0.9450668428685174,0.3194945635970212,0.0186344534882732,0.1207133980523175,0.0823122745522476,0.2016460905349794,1.0,0.3215686274509803,GREEN_Control_ids,GREEN,1.46,0.03,0.2559,0.748,0.187,0.069,2026-02-05,Control-Sun
C8,534,59,2054,1949,20260201_125427.jpg,2992,2992,0.1926435673143375,0.987461167559686,0.3681286715326576,0.0204083899135996,0.0514652642497421,0.0946838374854823,0.1896024464831804,1.0,0.3647058823529411,GREEN_Control_ids,GREEN,0.78,0.03,0.1946,0.5716,0.143,0.052,2026-02-05,Control-Sun
C7,199,236,2034,1489,20260201_125411.jpg,2992,2992,0.1885440667581984,0.9713767355025132,0.3815763777679103,0.0166950389865173,0.0752006914383271,0.0958812792830791,0.1872659176029962,1.0,0.3686274509803922,GREEN_Control_ids,GREEN,1.62,0.03,0.1823,0.5704,0.143,0.04,2026-02-05,Control-Sun
C6,0,20,2154,1621,20260201_125357.jpg,2992,2992,0.1872534250475611,0.9553075760963442,0.3653433528807264,0.0168218105059831,0.1096222153191598,0.0957746884363921,0.1835205992509363,1.0,0.3490196078431372,GREEN_Control_ids,GREEN,0.8,0.03,0.1936,0.5964,0.149,0.045,2026-02-05,Control-Sun
C5,350,256,2014,1955,20260201_125226.jpg,2992,2992,0.1054304812331098,0.6116879212706013,0.2764479433214474,0.0267376157318272,0.2325003155547398,0.1054651692106917,0.1063829787234042,0.5692307692307692,0.2745098039215686,RED_Control_ids,RED,0.48,0.03,1.1697,0.649,0.162,1.007,2026-02-05,Control-Sun
C4,573,223,1516,1640,20260201_125208.jpg,2992,2992,0.0866540191759649,0.6370344605367141,0.2157300555351026,0.0202679153723754,0.224195556893053,0.0973690484077291,0.0833333333333333,0.6111111111111112,0.192156862745098,RED_Control_ids,RED,0.42,0.03,0.9242,0.6501,0.163,0.762,2026-02-05,Control-Sun
C3,580,7,1772,1831,20260201_125151.jpg,2992,2992,0.0892412657565505,0.598959954469223,0.2220532714860447,0.0205254827182967,0.2191624939375648,0.0817280808646835,0.0897435897435897,0.5633802816901409,0.2156862745098039,RED_Control_ids,RED,0.38,0.03,1.0479,0.602,0.151,0.897,2026-02-05,Control-Sun
C2,553,59,2146,1752,20260201_125137.jpg,2992,2992,0.0859363882533875,0.6281023357139246,0.228325628421655,0.0172366250870519,0.2141440820528825,0.0848340240025312,0.0857142857142857,0.6000000000000001,0.2196078431372549,RED_Control_ids,RED,0.35,0.03,1.1237,0.7602,0.19,0.934,2026-02-05,Control-Sun
C1,166,20,2139,1778,20260201_125123.jpg,2992,2992,0.1036985592678814,0.6871315368601079,0.264623398157479,0.024385866741301,0.2293762498722077,0.1008630556358794,0.1008771929824561,0.6590909090909091,0.2549019607843137,RED_Control_ids,RED,0.46,0.03,1.0863,0.8226,0.206,0.881,2026-02-05,Control-Sun
G15,61,59,1870,1686,20260201_124958.jpg,2992,2992,0.197721587539495,0.943491313618154,0.3920138284691542,0.0150529059634715,0.0996218860841126,0.0705015889465302,0.1968085106382978,1.0,0.388235294117647,GREEN_Shade_ids,GREEN,0.7,0.03,0.1915,0.5727,0.143,0.048,2026-02-05,Shade
G13,717,72,1660,1430,20260201_124927.jpg,2992,2992,0.1926550599575311,0.9768285160914874,0.4478863849717531,0.0145910635925241,0.0618583553827332,0.0917654062230989,0.1920289855072463,1.0,0.4392156862745098,GREEN_Shade_ids,GREEN,1.36,0.03,0.187,0.5587,0.14,0.047,2026-02-05,Shade
G12,265,151,1962,1909,20260201_124900.jpg,2992,2992,0.1976045227014849,0.9750437249945184,0.3742393596699618,0.0169061891508283,0.0659648646089986,0.07671429517352,0.1962962962962963,1.0,0.3686274509803922,GREEN_Shade_ids,GREEN,0.76,0.03,0.1959,0.626,0.157,0.039,2026-02-05,Shade
G11,645,138,1358,1890,20260201_124843.jpg,2992,2992,0.1888406296788676,0.9513329153626058,0.4078562750297008,0.014555700454358,0.1062466425793557,0.0887552927208038,0.1870748299319727,1.0,0.396078431372549,GREEN_Shade_ids,GREEN,1.06,0.03,0.1828,0.5592,0.14,0.043,2026-02-05,Shade
R12,547,262,1758,1916,20260201_124624.jpg,2992,2992,0.1536329660286792,0.844501674543768,0.2458616420692122,0.0231956884664408,0.1902695072614015,0.0859517609697819,0.15359477124183,0.98,0.2392156862745098,RED_Shade_ids,RED,0.51,0.03,0.7855,1.1492,0.287,0.498,2026-02-05,Shade
G10,304,92,2461,2014,20260201_124350.jpg,2992,2992,0.2099682847231157,0.9706851288203978,0.3276948125556291,0.0264857042942091,0.0782970917656034,0.08944899990612,0.2061403508771929,1.0,0.3176470588235294,GREEN_white_led_ids,GREEN,1.99,0.03,0.2218,0.7207,0.18,0.042,2026-02-05,White LED
R1,593,26,1719,1837,20260201_123340.jpg,2992,2992,0.1125494215497626,0.5783060259941614,0.2434663879668643,0.0293560570725476,0.2320591842161881,0.0809500094078909,0.1122448979591836,0.5396825396825398,0.2431372549019607,RED_white_blue_led_ids,RED,0.41,0.03,1.172,0.676,0.169,1.003,2026-02-05,White+Blue LED
